Open,Close,High,Low,Volume,Date
980.5,960,984.5,957,,1/31/2020
979,978,982.5,963.5,,1/30/2020
989.5,977,997,972.5,,1/29/2020
985.5,986,993.5,980.5,,1/28/2020
1008,987,1009.5,985,,1/27/2020
1007.5,1010,1010,1007.5,,1/26/2020
1006,1007.5,1018,1001.5,,1/24/2020
1015,1004,1022,998.5,,1/23/2020
1002.5,1016,1020,993,,1/22/2020
1022.5,1002,1027,991,,1/21/2020
1026.5,1021.5,1031.5,1010.5,,1/20/2020
1025,1024.5,1025,1024.5,,1/19/2020
1005,1025,1029.5,1003.5,,1/17/2020
1021.5,1004.5,1041.5,996.5,,1/16/2020
984,1022,1025.5,983.5,,1/15/2020
975,985,985,966,,1/14/2020
978.5,976,980,964.5,,1/13/2020
980,980.5,980.5,980,,1/12/2020
969,980,984,963,,1/10/2020
954,968.5,971.5,948,,1/9/2020
970.5,953,976,952.5,,1/8/2020
963.5,970,976,956.5,,1/7/2020
988.5,963.5,992.5,955.5,,1/6/2020
982,984,984,982,,1/5/2020
978.5,982,994,978.5,,1/3/2020
968.5,979,991.5,965.5,,1/2/2020
965,965,965,965,,1/1/2020
958,965.5,984,957,,12/31/2019
946.5,958,961.5,945.5,,12/30/2019
947,947.5,947.5,947,,12/29/2019
947,947,955,943.5,,12/27/2019
945,947.5,962,939.5,,12/26/2019
946.5,946,946.5,946,,12/25/2019
936,945,947,930,,12/24/2019
911,936,939.5,910.5,,12/23/2019
910.5,910,910.5,909.5,,12/22/2019
935,910.5,937.5,909,,12/20/2019
935.5,936,939.5,926.5,,12/19/2019
927.5,936,936.5,923.5,,12/18/2019
929.5,928.5,934,919.5,,12/17/2019
927.5,929,935.5,926,,12/16/2019
928,929.5,929.5,928,,12/15/2019
947.5,928,947.5,923,,12/13/2019
941,945,948.5,936,,12/12/2019
922,938.5,945,914,,12/11/2019
896,921.5,924,894.5,,12/10/2019
895.5,895.5,901,889,,12/9/2019
897,897,897,897,,12/8/2019
897,897,897,897,,12/7/2019
897.5,897,901.5,891.5,,12/6/2019
896.5,898,902,884.5,,12/5/2019
910,895.5,916,895,,12/4/2019
898.5,910,912,896.5,,12/3/2019
896,898,905,891.5,,12/2/2019
896,897,897,896,,12/1/2019
893.5,896,902,892,,11/29/2019
896,892.5,897.5,889,,11/28/2019
908.5,895.5,908.5,889.5,,11/27/2019
897,909,916.5,894,,11/26/2019
890.5,898,900.5,889.5,,11/25/2019
891.5,891.5,891.5,891.5,,11/24/2019
915.5,891.5,916.5,886,,11/22/2019
918.5,916,927.5,911,,11/21/2019
912,918,920,907,,11/20/2019
894.5,911.5,912.5,894,,11/19/2019
891,895,899.5,880,,11/18/2019
891,891,893,890,,11/17/2019
882,891,897.5,876,,11/15/2019
876,882,885,871,,11/14/2019
869.5,876.5,877.5,868.5,,11/13/2019
876,868.5,881,866,,11/12/2019
888.5,878,892,874,,11/11/2019
887.5,887,887.5,887,,11/10/2019
909,887.5,910.5,887.5,,11/8/2019
928.5,910,934,904,,11/7/2019
928.5,929.5,933,922.5,,11/6/2019
937.5,929,939.5,924.5,,11/5/2019
952,940,956,932.5,,11/4/2019
951,951.5,951.5,951,,11/3/2019
933.5,951,955.5,930.5,,11/1/2019
925.5,933,939.5,923.5,,10/31/2019
921.5,926,928,915.5,,10/30/2019
919,921,922.5,909.5,,10/29/2019
927,919,934,914,,10/28/2019
927,927,927,926,,10/27/2019
923,927,940,923,,10/25/2019
918,924.5,933,918,,10/24/2019
892,917.5,920.5,890.5,,10/23/2019
889,893.5,893.5,886,,10/22/2019
892.5,888.5,899,885.5,,10/21/2019
891.5,889.5,892.5,889.5,,10/20/2019
888.5,891.5,894.5,883.5,,10/18/2019
887,890.5,890.5,881,,10/17/2019
885,886,890.5,876,,10/16/2019
894,884.5,901.5,882.5,,10/15/2019
895,895.5,901,890,,10/14/2019
894.5,895,895,894.5,,10/13/2019
898,894.5,905.5,884.5,,10/11/2019
892,901,903.5,883,,10/10/2019
890.5,893.5,896.5,882.5,,10/9/2019
879,890.5,892.5,877,,10/8/2019
882.5,878.5,889,875,,10/7/2019
881.5,881,881.5,881,,10/6/2019
890.5,881.5,890.5,872.5,,10/4/2019
888.5,891,899.5,886.5,,10/3/2019
878.5,890,893,870.5,,10/2/2019
884.5,878,888.5,875,,10/1/2019
933.5,884.5,935.5,875.5,,9/30/2019
931,931,931,931,,9/29/2019
930,931,937,921,,9/27/2019
927,931,938,926.5,,9/26/2019
955.5,927.5,958.5,924.5,,9/25/2019
959,955,963,948.5,,9/24/2019
947,958.5,962.5,946,,9/23/2019
946.5,945.5,946.5,945.5,,9/22/2019
938.5,946.5,949,937,,9/20/2019
931.5,940,943,923.5,,9/19/2019
941,932,943.5,922.5,,9/18/2019
938,943.5,945.5,931,,9/17/2019
956.5,939,960,929,,9/16/2019
950.5,948.5,964,946.5,,9/13/2019
944.5,951.5,960.5,943,,9/12/2019
931.5,943.5,946,930,,9/11/2019
946.5,930.5,947,928.5,,9/10/2019
947.5,947,962,943.5,,9/9/2019
950.25,948.75,956.75,948.75,,9/8/2019
958.25,950.25,963.75,927.25,,9/6/2019
984.25,961.75,997.25,947.25,,9/5/2019
957.75,985.75,990.75,957.25,,9/4/2019
928.75,958.25,960.75,927.25,,9/3/2019
933.75,929.25,939,924.75,,9/2/2019
933.25,933.25,933.25,933.25,,9/1/2019
916.25,933.25,940.25,913.25,,8/30/2019
901.75,916.25,936.25,895.25,,8/29/2019
866.1,903.75,908.75,866.1,,8/28/2019
856.6,866.6,869.1,855.1,,8/27/2019
860,856.1,867,853.1,,8/26/2019
858.6,857,858.6,857,,8/25/2019
858.1,858.6,870.1,851.1,,8/23/2019
852.6,857.6,861.1,845.6,,8/22/2019
849.1,852.6,856.6,841.1,,8/21/2019
853,849.6,856.6,845,,8/20/2019
850.5,852.5,858.75,843.75,,8/19/2019
849.5,849.5,849.5,849.5,,8/18/2019
841,849.5,851.5,832.5,,8/16/2019
846.5,840,847.5,833,,8/15/2019
854.5,845.5,855.5,843,,8/14/2019
858,854.5,867,838.5,,8/13/2019
860.5,857.5,863,853.5,,8/12/2019
861.5,861,861.5,861,,8/11/2019
866,861.5,869,858.5,,8/9/2019
863.5,865.5,870,851.5,,8/8/2019
852.5,864.5,870,846.5,,8/7/2019
856,852.5,859,844,,8/6/2019
845.5,855.5,859.5,842.5,,8/5/2019
845,845,845,845,,8/4/2019
853,845,858,842,,8/2/2019
866,853.5,866,842.5,,8/1/2019
871.5,864.5,879,862.5,,7/31/2019
881,871.5,883,868,,7/30/2019
867,881,883,865,,7/29/2019
865,865,865,865,,7/28/2019
868,865,870.5,860,,7/26/2019
878,867.5,886,866.5,,7/25/2019
857,878,878.5,855.5,,7/24/2019
848.5,856.5,859,844.5,,7/23/2019
846,849,853,845,,7/22/2019
846,846,846,846,,7/21/2019
854.5,846,862,846,,7/19/2019
845.5,854,854,844,,7/18/2019
840.5,845.5,851,834.5,,7/17/2019
843,840.5,851.5,837.5,,7/16/2019
830.5,842.5,846.5,828.5,,7/15/2019
830,830,830,830,,7/14/2019
823,830,831,816.5,,7/12/2019
826.5,823,832,822,,7/11/2019
811,827,828.5,807.5,,7/10/2019
816,811,816,805.5,,7/9/2019
809.5,816.5,819.5,807,,7/8/2019
809.5,809.5,809.5,809.5,,7/7/2019
835.5,809.5,838.5,804.5,,7/5/2019
840.5,834.5,841.5,833,,7/4/2019
831.5,839,843.5,828.5,,7/3/2019
833,830,839,824.5,,7/2/2019
830.5,832.5,847.5,830.5,,7/1/2019
835.5,836,836,835.5,,6/30/2019
814.5,835.5,840.5,814,,6/28/2019
814.5,814,818,808,,6/27/2019
809,816.5,820,804.5,,6/26/2019
815,811,821,808,,6/25/2019
810.5,815,816,808.5,,6/24/2019
810.5,810.5,810.5,810.5,,6/23/2019
808,810.5,815,799.5,,6/21/2019
812.5,807.5,824.5,806.5,,6/20/2019
804.5,813,813.5,798.5,,6/19/2019
795,804.5,806,791,,6/18/2019
805.5,795,806,792.5,,6/17/2019
804,804.5,804.5,804,,6/16/2019
812,804,819.5,802.5,,6/14/2019
811.5,812.5,815,806.5,,6/13/2019
816,811,821,809,,6/12/2019
807.5,815.5,817,802.5,,6/11/2019
808,807,811.5,798,,6/10/2019
807,807.5,807.5,807,,6/9/2019
805,807,812.5,800.5,,6/7/2019
805.5,804,808.5,799,,6/6/2019
820.5,804,833,802.5,,6/5/2019
822.5,820.5,826.5,818,,6/4/2019
795,823,825,794,,6/3/2019
794,794,794.5,794,,6/2/2019
796.5,794,797.5,790.5,,5/31/2019
794.5,796.5,799,789.5,,5/30/2019
800.5,794.5,802,792,,5/29/2019
809,800.5,816.5,797.5,,5/28/2019
803,808.5,811,802,,5/27/2019
804.5,804.5,804.5,804.5,,5/26/2019
799,804.5,808,798,,5/24/2019
803.5,798.5,804,795.5,,5/23/2019
817,804,817.5,803,,5/22/2019
814.5,816.5,819.5,806.5,,5/21/2019
820,814,826.5,811,,5/20/2019
818.5,818,818.5,818,,5/19/2019
834,818.5,835,817.5,,5/17/2019
847.5,834.5,850.5,832.5,,5/16/2019
856.5,847.5,859.5,843,,5/15/2019
853,856.5,865.5,853,,5/14/2019
862.5,853,863.5,849.5,,5/13/2019
866,864.5,866,864.5,,5/12/2019
849,866,867,847.5,,5/10/2019
861.5,849,863.5,848,,5/9/2019
870.5,861.5,876,861,,5/8/2019
873.5,870.5,884,867.5,,5/7/2019
865,875,878.5,856,,5/6/2019
871.5,871,871.5,871,,5/5/2019
850,871.5,872,844,,5/3/2019
868,850.5,870,849.5,,5/2/2019
888.5,866.5,889,864.5,,5/1/2019
896.5,888.5,901.5,885.5,,4/30/2019
899.5,896.5,901.5,888.5,,4/29/2019
899.5,900.5,900.5,899.5,,4/28/2019
899.5,899.5,899.5,899.5,,4/27/2019
888,899.5,901,885,,4/26/2019
885,887.5,888.5,877.5,,4/25/2019
888.5,884,893.5,883,,4/24/2019
899.5,889.5,902,881.5,,4/23/2019
902.5,898,912.5,893.5,,4/22/2019
903,902.5,903,902.5,,4/21/2019
889,903,903,881.5,,4/18/2019
881.5,888,890,878,,4/17/2019
888.5,881.5,892,876.5,,4/16/2019
892,887.5,893.5,878.5,,4/15/2019
891,891,891,891,,4/14/2019
893.5,891,903.5,891,,4/12/2019
902.5,892.5,910,889,,4/11/2019
891.5,903.5,908,886,,4/10/2019
910.5,892,910.5,891,,4/9/2019
903.5,909.5,915,901,,4/8/2019
900,899,901,899,,4/7/2019
899.5,900,909,886.5,,4/5/2019
870.5,899,900,870.5,,4/4/2019
851,869.5,871,851,,4/3/2019
850,851,854,844.5,,4/2/2019
851,850,857,843,,4/1/2019
848,848.5,848.5,848,,3/31/2019
841,848,856.5,839.5,,3/29/2019
852.5,841.5,864,834,,3/28/2019
858,852,868.5,852,,3/27/2019
858.5,857.5,861.5,848.5,,3/26/2019
845,857.5,859,840,,3/25/2019
846.5,846,848.5,846,,3/24/2019
860.5,846.5,866,845.5,,3/22/2019
863.5,861.5,875,856.5,,3/21/2019
850.5,863,866.5,849,,3/20/2019
833.5,850.5,854.5,833.5,,3/19/2019
830,833.5,838,822.5,,3/18/2019
830.5,830.5,831,829,,3/17/2019
823.5,830.5,835,823,,3/15/2019
843,824,843,822.5,,3/14/2019
834.5,843.5,847.5,831.5,,3/13/2019
819,834,836,818.5,,3/12/2019
816.5,819,819.5,808,,3/11/2019
817.5,816,817.5,813.5,,3/10/2019
814.5,817.5,821,811.5,,3/8/2019
827,814.5,828.5,813,,3/7/2019
836,827,837.5,825,,3/6/2019
836.5,837,840.5,833,,3/5/2019
863,836.5,864,835,,3/4/2019
860,860.5,860.5,860,,3/3/2019
871,860,874.5,857.5,,3/1/2019
869.5,870.5,877.5,863.5,,2/28/2019
861.5,869.5,874.5,860,,2/27/2019
854,862,862,847.5,,2/26/2019
844,854,856.5,844,,2/25/2019
843.5,844.5,844.5,843.5,,2/24/2019
824,843.5,845.5,824,,2/22/2019
827.5,823.5,830.5,819,,2/21/2019
819.5,827.5,834,818.5,,2/20/2019
807,820,822.5,806.5,,2/19/2019
806,807,809.5,802.5,,2/18/2019
807,808,808,807,,2/17/2019
788.5,807,808,784,,2/15/2019
787,787.5,790,779.5,,2/14/2019
792,786.5,794.5,786,,2/13/2019
787,791.5,793.5,784.5,,2/12/2019
800,787,800.5,785,,2/11/2019
800,800,800,800,,2/10/2019
797.5,800,800.5,794,,2/8/2019
806,798,807.5,795,,2/7/2019
819,806,822,805,,2/6/2019
820.5,818.5,825,817,,2/5/2019
823.5,820.5,826,814.5,,2/4/2019
823.5,823.5,823.5,823.5,,2/3/2019
822,823.5,832.5,818,,2/1/2019
818.5,822,826,816,,1/31/2019
814.5,817.5,821.5,812.5,,1/30/2019
812,814.5,819,811,,1/29/2019
818,812,820,809,,1/28/2019
819,818.5,819,818.5,,1/27/2019
803,819,820,802,,1/25/2019
795,803.5,805,790,,1/24/2019
791.5,794.5,796,789.5,,1/23/2019
797,791,798,787.5,,1/22/2019
798.5,796,801.5,794,,1/21/2019
798,796,798,794,,1/20/2019
810.5,798,815.5,796,,1/18/2019
807.5,810.5,813.5,801,,1/17/2019
799.5,807,807.5,797,,1/16/2019
803.5,798.5,806.5,796.5,,1/15/2019
812,802.5,813.5,799,,1/14/2019
810.5,810.5,810.5,810.5,,1/13/2019
820.5,810.5,825,810.5,,1/11/2019
825,820,829,819,,1/10/2019
819,825.5,826,819,,1/9/2019
822.5,818.5,825.5,814.5,,1/8/2019
823.5,822,830.5,819,,1/7/2019
821.5,822,822,821.5,,1/6/2019
797.5,821.5,824,796.5,,1/4/2019
795,798.5,799,790.5,,1/3/2019
795,795.5,800.5,783.5,,1/2/2019
796,794.5,796,794.5,,1/1/2019
791.5,796.5,798,788.5,,12/31/2018
791.5,791.5,791.5,790.5,,12/30/2018
796.5,791.5,801.5,789.5,,12/28/2018
798,796.5,801,785.5,,12/27/2018
788.5,798.5,803,787,,12/26/2018
792,787.5,798,787,,12/24/2018
789.5,793.5,793.5,789.5,,12/23/2018
796.5,789.5,798,788.5,,12/21/2018
787.5,795.5,798.5,785,,12/20/2018
791.5,785.5,799.5,785.5,,12/19/2018
794.5,793.5,795.5,786,,12/18/2018
787,795,798,783,,12/17/2018
786,789,789.5,786,,12/16/2018
796.5,786,797.5,782,,12/14/2018
803,796.5,808,790.5,,12/13/2018
786,803,806.5,785,,12/12/2018
784,785.5,790.5,779.5,,12/11/2018
794,784.5,795,778.5,,12/10/2018
794,794.5,794.5,794,,12/9/2018
789,794,795.5,784.5,,12/7/2018
801,788.5,802,784.5,,12/6/2018
803,801,803.5,790,,12/5/2018
807,804,809,798,,12/4/2018
803.5,810,814.5,802.5,,12/3/2018
800.5,796.5,800.5,796.5,,12/2/2018
820,800.5,821,797.5,,11/30/2018
824.5,819,830,817,,11/29/2018
834.5,824.5,834.5,814.5,,11/28/2018
844.5,834,846,830.5,,11/27/2018
841.5,844.5,849.5,840,,11/26/2018
843.5,841,843.5,841,,11/25/2018
848,843.5,848,838,,11/23/2018
846.5,848,849.5,844.5,,11/22/2018
841.5,847.5,850,839.5,,11/21/2018
853,842.5,855,838,,11/20/2018
844.5,853.5,855.5,842,,11/19/2018
846,845.5,846,845,,11/18/2018
842.5,846,848,840.5,,11/16/2018
836,843.5,846,830.5,,11/15/2018
840,835.5,842.5,827,,11/14/2018
842,840,851,836,,11/13/2018
854,841,858,840.5,,11/12/2018
853,852.5,853,852.5,,11/11/2018
864,853,864.5,852.5,,11/9/2018
873,869,874.5,862.5,,11/8/2018
870,873.5,878,867,,11/7/2018
865.5,870,876,864,,11/6/2018
870,866.5,874,863,,11/5/2018
869.5,870.5,872.5,869.5,,11/4/2018
862.5,869.5,873,861.5,,11/2/2018
839,861.5,861.5,838.5,,11/1/2018
835.5,838.5,840.5,832,,10/31/2018
833,835.5,840.5,832,,10/30/2018
834,833.5,842.5,830.5,,10/29/2018
832.5,833.5,835,832.5,,10/28/2018
827.5,832.5,835.5,823,,10/26/2018
831,827,834,823.5,,10/25/2018
834,832.5,835.5,825.5,,10/24/2018
822,833.5,835,817,,10/23/2018
831.5,822,838.5,818,,10/22/2018
832.5,831,832.5,831,,10/21/2018
827.5,832.5,836.5,827,,10/19/2018
832,828,834.5,825.5,,10/18/2018
841.5,834,843,832.5,,10/17/2018
843.5,841.5,846.5,840,,10/16/2018
839,842.5,850.5,838.5,,10/15/2018
839,839.5,839.5,839,,10/14/2018
840,839,843,836,,10/12/2018
823.5,841.5,844.5,815.5,,10/11/2018
826,824,829,819.5,,10/10/2018
820.5,826,827.5,812,,10/9/2018
823.5,821,825,810.5,,10/8/2018
824,823,824,823,,10/7/2018
826,824,832,820,,10/5/2018
827,826,834,821,,10/4/2018
833,827,837.5,826.5,,10/3/2018
824,833,836,817.5,,10/2/2018
817,824,826.5,809.5,,10/1/2018
817,816,817,816,,9/30/2018
811,817,824.5,807.5,,9/28/2018
823.5,812,832.5,808,,9/27/2018
823.5,823,830.5,821,,9/26/2018
828,822.5,833.5,822.5,,9/25/2018
827.5,829,834.5,823,,9/24/2018
829,829,829,829,,9/23/2018
835,829,838.5,823.5,,9/21/2018
823.5,835.5,835.5,818.5,,9/20/2018
813.5,823.5,826.5,812.5,,9/19/2018
800,813.5,818.5,794,,9/18/2018
795,801,807.5,792,,9/17/2018
795,797,797,795,,9/16/2018
803,795,812,794,,9/14/2018
801,802.5,813,799,,9/13/2018
793,801.5,802.5,784.5,,9/12/2018
787,792.5,794.5,782,,9/11/2018
782.5,787.5,801,777,,9/10/2018
782.5,781,783,781,,9/9/2018
792.5,782.5,795.5,775.5,,9/7/2018
786,791,796.5,782,,9/6/2018
778.5,785,787,771.5,,9/5/2018
788,778.5,791.5,767,,9/4/2018
788.5,788,790,783.5,,9/3/2018
787.5,787.5,787.5,787.5,,9/2/2018
790.5,787.5,801,784.5,,8/31/2018
798,790.5,799.5,788.5,,8/30/2018
791,798.5,799,787.5,,8/29/2018
804,790.5,810.5,788.5,,8/28/2018
792,804.5,806,788,,8/27/2018
791.5,792,792,791.5,,8/26/2018
777,791.5,795,774.5,,8/24/2018
795.5,777.5,796,775.5,,8/23/2018
797.5,795,802,789.5,,8/22/2018
796,795.5,804,787.5,,8/21/2018
787.25,795.5,798.5,786.5,,8/20/2018
786.75,787.25,787.25,786.75,,8/19/2018
780.75,786.75,790.75,773.25,,8/17/2018
771.5,779.75,796,757.5,,8/16/2018
802.5,768.5,803,757.5,,8/15/2018
804,803,808.5,797,,8/14/2018
829,803,830.5,797,,8/13/2018
830,829.5,830,829.5,,8/12/2018
833.5,830,835.5,827,,8/10/2018
831.5,833,840.5,826.5,,8/9/2018
830.5,831.5,833,824,,8/8/2018
824,830,838,822,,8/7/2018
832,822,837,820.5,,8/6/2018
832,831,832.5,831,,8/5/2018
824.5,832,842,821.5,,8/3/2018
818,824,835,813,,8/2/2018
839.5,817.5,840,815,,8/1/2018
829,840,845,825,,7/31/2018
831.5,829,832.5,822.5,,7/30/2018
830.5,830.5,830.5,830.5,,7/29/2018
826.5,830.5,833,821.5,,7/27/2018
844,828,846,824.5,,7/26/2018
833,844.5,845,832.5,,7/25/2018
832.5,833.5,846,828.5,,7/24/2018
827.5,833.5,836.5,825,,7/23/2018
829,829,829,829,,7/22/2018
808.5,829,832,803,,7/20/2018
818.5,807,820.5,794,,7/19/2018
818,819,820,806,,7/18/2018
824,817.5,830,816.5,,7/17/2018
829.5,824.5,833,819,,7/16/2018
828.75,827.75,828.75,827.75,,7/15/2018
841.25,828.75,843.75,823.75,,7/13/2018
827.75,841.75,845.25,826.25,,7/12/2018
845.75,827.25,846.75,827.25,,7/11/2018
851,846.75,855,836.75,,7/10/2018
845,851,859.5,844,,7/9/2018
845.5,845.5,845.5,845.5,,7/8/2018
842.5,845.5,846.5,836.5,,7/6/2018
841.5,843,846,837,,7/5/2018
840,842.5,844.5,833,,7/4/2018
819,843,846,798,,7/3/2018
853,818.5,853.5,808.5,,7/2/2018
852.5,852.5,852.5,852.5,,7/1/2018
849,852.5,854,842.5,,6/29/2018
858.5,849.5,858.5,845.5,,6/28/2018
867.5,858.5,867.5,852,,6/27/2018
867.5,867,870.5,858,,6/26/2018
878,867,881,866,,6/25/2018
878,876.5,880.5,876.5,,6/24/2018
864,878,878,858,,6/22/2018
871.5,864,872.5,862,,6/21/2018
869,872,876.5,861,,6/20/2018
884.5,870,886,862.5,,6/19/2018
886,884,891.5,881.5,,6/18/2018
887.5,886,887.5,885.5,,6/17/2018
905.5,887.5,907,885,,6/15/2018
903.5,905,913.5,898.5,,6/14/2018
899.5,905,905,892.5,,6/13/2018
904,899,909.5,898.5,,6/12/2018
907.5,904.5,911,902.5,,6/11/2018
906.5,908,908,906.5,,6/10/2018
899.5,906.5,907.5,896,,6/8/2018
905.5,899,908.5,897.5,,6/7/2018
903.5,905,909,901.5,,6/6/2018
902,903.5,905,893.5,,6/5/2018
903.5,902,910.5,900,,6/4/2018
904.25,904.25,904.25,904.25,,6/3/2018
906.5,904.25,913,900.75,,6/1/2018
909.5,907,915.5,906.5,,5/31/2018
906.5,909,911.5,903.5,,5/30/2018
904.5,906.5,910,902,,5/29/2018
901,906,908,900.5,,5/28/2018
901.5,901,901.5,901,,5/27/2018
912,901.5,914,899.5,,5/25/2018
905,911,915,904,,5/24/2018
907.5,904,909.5,899,,5/23/2018
901.5,905.5,911.5,896.5,,5/22/2018
888.5,901,902,878.5,,5/21/2018
887.75,888.75,888.75,887.25,,5/20/2018
890.5,887.75,892,882,,5/18/2018
893.5,891.5,893.5,884,,5/17/2018
891.5,888.5,891.5,888.5,,5/16/2018
912,901,913,901,,5/15/2018
924,910.5,928.5,910,,5/14/2018
926.5,925.5,926.5,925.5,,5/13/2018
926.5,926.5,930.5,922,,5/11/2018
914,927.5,927.5,913,,5/10/2018
914,915,917.5,908.5,,5/9/2018
912,914.5,915,908,,5/8/2018
912.5,913,920,911,,5/7/2018
911,911,911,911,,5/6/2018
904.5,911,912,899,,5/4/2018
896,905.5,906.5,895,,5/3/2018
895.5,896,901.5,893.5,,5/2/2018
906.5,895,907.5,893.5,,5/1/2018
914.5,906.5,916,904,,4/30/2018
915,915,915,915,,4/29/2018
909,915,916.5,905.5,,4/27/2018
910,909,917,906,,4/26/2018
931,910.5,932,908.5,,4/25/2018
920.5,931,934.5,916,,4/24/2018
926.5,920,927,915.75,,4/23/2018
927.5,927,927.5,927,,4/22/2018
935,927.5,936,925.5,,4/20/2018
940.5,935,953.5,932.5,,4/19/2018
936.5,940.5,947.5,935.5,,4/18/2018
929.5,936.5,937,922,,4/17/2018
928,929,934.5,925.5,,4/16/2018
930,930,930,930,,4/15/2018
927.5,930,933.5,927,,4/13/2018
932,928,933,923.5,,4/12/2018
929,931.5,942,927.5,,4/11/2018
933,929,936.5,924.5,,4/10/2018
918,934,936.5,917,,4/9/2018
912,917.5,917.5,907,,4/6/2018
917.5,912.5,918.5,907,,4/5/2018
925.5,917,926,912.5,,4/4/2018
933.5,926,936.5,917,,4/3/2018
933.5,934.5,940,931,,4/2/2018
932,930,932,930,,4/1/2018
938,932,942,927.5,,3/29/2018
946,937.5,949,934.5,,3/28/2018
952.5,945,962,940,,3/27/2018
950,953.5,957.5,947.5,,3/26/2018
949.5,949.5,949.5,949.5,,3/25/2018
950,949.5,960.5,947,,3/23/2018
958,950.5,963.5,946,,3/22/2018
945,957.5,960.5,944,,3/21/2018
954,945,956,943,,3/20/2018
949.5,953.5,956.5,941.5,,3/19/2018
948.5,950,950,948.5,,3/18/2018
953,948,959,945,,3/16/2018
961,953.5,963.5,952,,3/15/2018
966,960.5,972.5,959.5,,3/14/2018
964.5,965.5,971.5,961.5,,3/13/2018
965,964,967.5,957,,3/12/2018
965,964.5,967,964,,3/11/2018
952.5,965,966,948,,3/9/2018
954,952.5,958,946.5,,3/8/2018
970.5,954,971.5,951,,3/7/2018
962.5,968.5,974,959,,3/6/2018
966.5,961.5,972.5,955.5,,3/5/2018
966.5,966.5,966.5,966.5,,3/4/2018
967,966.5,969.5,960.5,,3/2/2018
985.5,968,986,955.5,,3/1/2018
982.5,985.5,988.5,978,,2/28/2018
1000.5,983,1003.5,980.5,,2/27/2018
997,1000.5,1008.5,994.5,,2/26/2018
997,997,997,997,,2/25/2018
998.5,997,1001,990.5,,2/23/2018
990,997.5,999.5,985,,2/22/2018
1001,991,1001.5,989,,2/21/2018
1009,1001,1010.5,999,,2/20/2018
1007,1009.5,1013.5,1004.5,,2/19/2018
1005,1005.5,1005.5,1004,,2/18/2018
1001,1005,1012.5,1000,,2/16/2018
997,1001,1008,994,,2/15/2018
975.5,997,1000.5,969.5,,2/14/2018
972,975,979,970.5,,2/13/2018
966,970.5,973.5,961,,2/12/2018
966,965.5,966,965.5,,2/11/2018
973.5,966,977,958,,2/9/2018
980.5,976.5,983,969.5,,2/8/2018
991.5,980.5,994.5,977,,2/7/2018
990.5,990.5,1001,984.5,,2/6/2018
989.5,990,996.5,987.5,,2/5/2018
991.5,995,995,987.5,,2/4/2018
1006.5,991.5,1007.5,987,,2/2/2018
1003,1009,1010,993.5,,2/1/2018
997,1002,1007.5,996.5,,1/31/2018
1008,997.5,1009.5,992.5,,1/30/2018
1012.5,1007.5,1014.5,1003.5,,1/29/2018
1011.5,1011.5,1011.5,1011.5,,1/28/2018
1013.5,1011.5,1022.5,1011.5,,1/26/2018
1016.5,1016,1029.5,1008,,1/25/2018
1008.5,1017,1023,1006,,1/24/2018
999,1009,1009.5,990.5,,1/23/2018
1013.5,998,1021,992,,1/22/2018
1012.5,1013,0,0,,1/21/2018
1003,1012.5,1016.5,1000.5,,1/19/2018
1000.5,1002.5,1008,997,,1/18/2018
1000,1001.5,1009,998,,1/17/2018
996,999.5,1001,985.5,,1/16/2018
994.5,998,1001.5,987.5,,1/15/2018
996,996.5,996.5,996,,1/14/2018
985.5,995.5,999.5,984,,1/12/2018
971,985.5,987,970,,1/11/2018
966,971,975,958.5,,1/10/2018
972.5,967,972.5,960.5,,1/9/2018
970,973,975,966.5,,1/8/2018
967.5,965,967.5,965,,1/7/2018
963,969.5,970.5,959.5,,1/5/2018
955,964,966.5,945,,1/4/2018
945,957,961,940.5,,1/3/2018
931,945.5,946.5,931,,1/2/2018
933.5,930.5,933.5,930.5,,1/1/2018
928,931,937,926.5,,12/29/2017
922,928.5,929,921,,12/28/2017
923.5,920,926.5,919,,12/27/2017
918,923.5,924.5,916,,12/26/2017
918.5,922,922,918.5,,12/25/2017
917,920,924,910.5,,12/22/2017
921,917,921.5,913,,12/21/2017
915,920,924.5,911,,12/20/2017
910.5,914.5,920.5,907,,12/19/2017
892.5,911.5,915,891.5,,12/18/2017
893.5,893.5,893.5,892.5,,12/17/2017
882,894,894.5,879.5,,12/15/2017
887,883,891.5,878,,12/14/2017
881.5,887,888.5,875,,12/13/2017
889,882,892,875,,12/12/2017
890,889.5,894.5,885.5,,12/11/2017
888.5,888.5,888.5,888.5,,12/10/2017
895,887,899.5,883,,12/8/2017
903,894,904.5,892.5,,12/7/2017
916.5,903,917.5,900,,12/6/2017
927,916.5,929.5,914.5,,12/5/2017
936.5,926,937.5,923,,12/4/2017
940.75,940.75,940.75,940.75,,12/3/2017
940.75,940.75,940.75,940.75,,12/2/2017
943,940.5,944.5,932,,12/1/2017
940,942,948,939.5,,11/30/2017
949.5,938.5,953.5,938.5,,11/29/2017
948.5,948.5,956.5,946.5,,11/28/2017
942,949,951,938.5,,11/27/2017
943,942.5,943,942.5,,11/26/2017
936,942.5,943.5,934,,11/24/2017
938.5,935,939,933.5,,11/23/2017
934,939,942,931,,11/22/2017
925.5,934,938.5,925.5,,11/21/2017
949,922.5,950,920,,11/20/2017
952.5,953.5,953.5,952.5,,11/19/2017
932.5,953.5,956,932.5,,11/17/2017
932,932.5,936,929,,11/16/2017
926.5,932,939.5,926.5,,11/15/2017
931.5,926.5,933,922,,11/14/2017
929,933,936.25,928,,11/13/2017
929,929,929,929,,11/12/2017
938,929,941.5,928,,11/10/2017
932.25,938,939.75,930.25,,11/9/2017
924.5,932.5,937,924.5,,11/8/2017
935.5,922.5,935.5,921,,11/7/2017
921,936,937,918.5,,11/6/2017
921,920,921,920,,11/5/2017
926.5,921,928,916.5,,11/3/2017
933,927,936.5,925,,11/2/2017
920.5,933.5,937.5,918.5,,11/1/2017
919.5,920,925.5,916,,10/31/2017
916.5,920,922,914.5,,10/30/2017
914,916,917,914,,10/29/2017
918.5,917,922,911.5,,10/27/2017
924.5,918,928,917,,10/26/2017
923.5,924,924.5,912.5,,10/25/2017
925.5,925,930,919.5,,10/24/2017
920.5,926,927.5,914,,10/23/2017
923.5,923,923.5,923,,10/22/2017
924,923.5,926,918.5,,10/20/2017
922,924,929,917.5,,10/19/2017
934.25,920.5,935.75,920.25,,10/18/2017
932.5,935,935.5,926.5,,10/17/2017
945.5,930.5,947.75,928.25,,10/16/2017
946.5,945.5,946.5,945.5,,10/15/2017
937,946.5,947,935,,10/13/2017
932.5,937.5,939.5,932.5,,10/12/2017
931.5,933,935,927.5,,10/11/2017
916.75,931.5,934,916.25,,10/10/2017
916,916.5,922.25,911.75,,10/9/2017
915.5,915.5,915.5,915.5,,10/8/2017
914.5,915.5,919,904,,10/6/2017
915.5,913.5,918,910,,10/5/2017
913,915,923.5,910.5,,10/4/2017
913,913.5,916.5,907.5,,10/3/2017
912,913,916.5,909,,10/2/2017
912,912,913,911.5,,10/1/2017
923.5,912,927,911.5,,9/29/2017
921.5,924.5,926,915.5,,9/28/2017
925,921,930,918,,9/27/2017
941,924.5,946,924,,9/26/2017
932.5,941,942,926.5,,9/25/2017
933,934,934,933,,9/24/2017
939,933,946.5,931.5,,9/22/2017
943.5,938,943.5,930,,9/21/2017
953.5,944,959,935,,9/20/2017
961.5,953,963,947.5,,9/19/2017
969,962,970.5,958,,9/18/2017
969,969,970,967.5,,9/17/2017
986,969,988.5,965.5,,9/15/2017
981.5,983.5,985.5,977,,9/14/2017
989.5,982,990,978,,9/13/2017
991,989,991,981,,9/12/2017
1001,991.5,1007,989,,9/11/2017
1009,1009.5,1010,1008.5,,9/10/2017
1018.5,1009,1023.5,1009,,9/8/2017
1004.5,1018,1019.25,1001.5,,9/7/2017
1007.5,1005,1014.75,1001.25,,9/6/2017
1007.5,1008.5,1013.25,1000.5,,9/5/2017
1011,1008,1014.75,1007.25,,9/4/2017
1007,1007,1007,1007,,9/3/2017
998.5,1007,1008.5,994.5,,9/1/2017
990.5,997.5,1000,982,,8/31/2017
997,991.5,1000.5,984,,8/30/2017
992.5,994.5,1006.5,988.5,,8/29/2017
976,990,990.5,974.5,,8/28/2017
975.5,975.5,975.5,975.5,,8/27/2017
980,974.5,984,970.5,,8/25/2017
979,980.5,984,973.5,,8/24/2017
977.5,978.5,984,974.5,,8/23/2017
982,977,984,971.5,,8/22/2017
977.5,983.5,987.5,976.5,,8/21/2017
979.5,980,980,979.5,,8/20/2017
977.5,980,989.5,976.5,,8/18/2017
981,976.5,983,973,,8/17/2017
963,981.5,982,962.5,,8/16/2017
970,962.5,970,953,,8/15/2017
986,970,986,968,,8/14/2017
982.5,985,992.5,979.5,,8/11/2017
976.5,981.5,985.75,973.5,,8/10/2017
972,976.5,981.5,971.5,,8/9/2017
967.5,972,978.5,966,,8/8/2017
964,968.5,970.5,957.5,,8/7/2017
965,965,965.5,965,,8/6/2017
964,964.5,971,961,,8/4/2017
946.5,963,964,943.5,,8/3/2017
944.5,947,951,940,,8/2/2017
940,944.5,947.5,938,,8/1/2017
936,940,943.5,934.5,,7/31/2017
935,935,935,935,,7/30/2017
924,934,936,922.5,,7/28/2017
931,923.5,936,921.5,,7/27/2017
927.5,931.5,933,918,,7/26/2017
930.5,928,936,924.5,,7/25/2017
936,930.5,941,927.75,,7/24/2017
935.5,935.5,935.5,935.5,,7/23/2017
927,936,939.75,925.5,,7/21/2017
921,927.5,931.5,913.5,,7/20/2017
927,920.5,927,920,,7/19/2017
925.5,927,930.5,921.5,,7/18/2017
920.5,926.5,933.5,920.5,,7/17/2017
920.5,921.5,921.5,920.5,,7/16/2017
906.5,920.5,922.5,905,,7/14/2017
917.5,906.5,922.5,906,,7/13/2017
903,919,921.5,903,,7/12/2017
902.5,903.5,903.5,891.5,,7/11/2017
909.5,902.25,910.5,894.5,,7/10/2017
908.5,908.5,908.5,908.5,,7/9/2017
912.5,908.5,918.5,902.75,,7/7/2017
913.5,912.5,914,907,,7/6/2017
914,911,917,902.5,,7/5/2017
907,915,917,906,,7/4/2017
928.5,907.5,932.5,905,,7/3/2017
926,926.5,926.5,925,,7/2/2017
926,926,926,926,,7/1/2017
922,926,930,919,,6/30/2017
922,922,927,910.5,,6/29/2017
920.5,922,927.5,919,,6/28/2017
918.5,921.5,925.5,917,,6/27/2017
930.5,918,931,914,,6/26/2017
927.25,928.5,935.25,924.75,,6/23/2017
929.5,925.75,935.25,923.75,,6/22/2017
924,928.5,929.5,918.5,,6/21/2017
926.5,923.5,931,920.25,,6/20/2017
928.5,927,929,920.5,,6/19/2017
928.5,929.5,929.5,928.5,,6/18/2017
923.5,929.5,930,921,,6/16/2017
937,923,942,919,,6/15/2017
926.5,939.5,952.5,924,,6/14/2017
943,926,946.5,923.5,,6/13/2017
939,942.5,947,937,,6/12/2017
938.5,940.5,940.5,938.5,,6/11/2017
939.5,938.5,952,934,,6/9/2017
944,938,948,934.5,,6/8/2017
961.5,944.5,961.5,942,,6/7/2017
954,961,967.5,952,,6/6/2017
954,954,961.5,949.5,,6/5/2017
953,953,953,953,,6/4/2017
932.5,954.5,957.5,926.5,,6/2/2017
948.5,932,949,927.5,,6/1/2017
938,948.5,951,937.5,,5/31/2017
956,939.5,957.5,938.5,,5/30/2017
961,956.5,963,953,,5/29/2017
960.5,961,961,960.5,,5/28/2017
948,960.5,965.5,947,,5/26/2017
950,947,956,946.5,,5/25/2017
944.5,949,950.5,938.5,,5/24/2017
949,945,958.5,943,,5/23/2017
941.5,948,950.5,936.5,,5/22/2017
943.5,943.5,943.5,943.5,,5/21/2017
933.5,943.5,946,930,,5/19/2017
946.5,933,949,930.5,,5/18/2017
940,947,949,939,,5/17/2017
930.5,940,941.5,930,,5/16/2017
924,930,939.75,922,,5/15/2017
922,923,923,922,,5/14/2017
918.5,922,925.5,916,,5/12/2017
910.5,916.5,918.5,909.5,,5/11/2017
905.5,911,913,904,,5/10/2017
918.5,904.5,920,900,,5/9/2017
914,919,925,912,,5/8/2017
912.5,913,913,912.5,,5/7/2017
904.5,914,917,904,,5/5/2017
897.5,904.5,910,894.5,,5/4/2017
927.5,897.5,928,895.5,,5/3/2017
931,927.5,934.5,924,,5/2/2017
947.5,929.5,949.5,928,,5/1/2017
945.5,945.5,945.5,945.5,,4/30/2017
943.5,945.5,952.5,943,,4/28/2017
950,944.5,950.5,940.5,,4/27/2017
954,950,956.5,943.5,,4/26/2017
963,954.5,965.5,951,,4/25/2017
966.5,961.5,972.5,954,,4/24/2017
974,976,976,974,,4/23/2017
978.5,973,983,972.5,,4/21/2017
967.5,980,981.5,966,,4/20/2017
976.5,968,981,965,,4/19/2017
984.5,976,987,975.5,,4/18/2017
975.5,986,991,973.5,,4/17/2017
973,974,979,969.5,,4/13/2017
968.5,973,974.5,961,,4/12/2017
942,972.5,972.5,941.5,,4/11/2017
953,938.5,954.5,936.5,,4/10/2017
954,951,954,950.5,,4/9/2017
954,954,954,954,,4/8/2017
957,954,975.75,948.75,,4/7/2017
961.5,958.5,962.5,951,,4/6/2017
960,962,968.5,953,,4/5/2017
958,961,964,954,,4/4/2017
952,956.5,956.5,946,,4/3/2017
950,949.5,950,949.5,,4/2/2017
949.5,950,950.5,940.5,,3/31/2017
953.5,948.5,959,947.5,,3/30/2017
953,954,955.5,948,,3/29/2017
968,952,970,948.5,,3/28/2017
965.5,969,982.5,965.5,,3/27/2017
963.5,963.5,963.5,963.5,,3/26/2017
960,963.5,968,955.5,,3/24/2017
961,960,969,956,,3/23/2017
971,961,972.5,958.5,,3/22/2017
970,971.5,974.5,958,,3/21/2017
965,969.5,971.5,960.5,,3/20/2017
963,964.5,966,963,,3/19/2017
957.5,963,964.75,952,,3/17/2017
954.5,957.5,971.5,954,,3/16/2017
938,954,955,932,,3/15/2017
938,937.5,943.75,936,,3/14/2017
941.5,938.5,948,937.5,,3/13/2017
943,942,943.5,939,,3/12/2017
935,943,946,933.5,,3/10/2017
948,935.5,952,933.75,,3/9/2017
961.5,947,963,945,,3/8/2017
980,960.5,980,959,,3/7/2017
999.5,979.5,1001,976.5,,3/6/2017
1000,999,1000,998.5,,3/5/2017
988,1000,1000,984.25,,3/3/2017
1016.5,986.5,1018.5,983.25,,3/2/2017
1023,1017,1027.25,1013,,3/1/2017
1030.5,1023.5,1036.5,1022,,2/28/2017
1027,1030,1045.5,1025.5,,2/27/2017
1029,1027,1029,1027,,2/26/2017
1010,1029,1029.75,1009,,2/24/2017
1003.5,1011,1018.25,995.75,,2/23/2017
1003.5,1004,1006,997,,2/22/2017
1005,1004,1006,989.25,,2/21/2017
1004,1005.5,1006.5,997.5,,2/20/2017
1002,1002.5,1002.5,1001.5,,2/19/2017
1012.5,1002,1016,1001,,2/17/2017
1011,1013,1018.25,1008.5,,2/16/2017
1002,1010.5,1011.25,987.75,,2/15/2017
998,1002.5,1008.5,996,,2/14/2017
1006.5,998,1011,993,,2/13/2017
1010.25,1007.5,1010.25,1007.5,,2/12/2017
1013,1010.25,1014,991.75,,2/10/2017
1015.5,1014.25,1028.75,1013.5,,2/9/2017
1006,1016.25,1019.25,1002.5,,2/8/2017
1014,1005.5,1015,1003.25,,2/7/2017
1006.5,1015.25,1015.25,1002,,2/6/2017
1003.5,1003.5,1003.5,1003.5,,2/5/2017
999,1003.5,1004.25,985.25,,2/3/2017
998,1000,1012,995.5,,2/2/2017
996,999,1000.5,992,,2/1/2017
990,995,999.25,987,,1/31/2017
989.5,989,992.5,976.5,,1/30/2017
985.5,986,986,985.5,,1/29/2017
976,985.5,986,963.5,,1/27/2017
981.5,977.75,988,967.25,,1/26/2017
997.5,981.5,1000.5,973.5,,1/25/2017
982.5,996.5,1005.75,978.75,,1/24/2017
979.5,982,984.5,973.5,,1/23/2017
977,977,977,977,,1/22/2017
958,977,980,953.5,,1/20/2017
964,959.5,967.75,949.25,,1/19/2017
975.5,963,979.5,961,,1/18/2017
983.5,977,993.75,973.25,,1/17/2017
985,983,990,981.25,,1/16/2017
976.5,984,987,965.25,,1/13/2017
971.5,977.5,990.25,971.5,,1/12/2017
979,971.25,982.25,960.75,,1/11/2017
977,980.5,981,967,,1/10/2017
968,977,981.25,965.75,,1/9/2017
969.5,969.5,969.5,969.5,,1/8/2017
967,965.5,970,959,,1/6/2017
943,967,975.25,942,,1/5/2017
936.5,945.25,950.75,926.5,,1/4/2017
903.5,939,946.5,902.5,,1/3/2017
904,904,904,904,,1/2/2017
902,902.5,909,900.5,,12/30/2016
900.5,901,908,897.75,,12/29/2016
904,901,908,893,,12/28/2016
900.5,904.5,911.5,898,,12/27/2016
908.5,893.75,910.75,891.75,,12/23/2016
917.5,907,921.25,907,,12/22/2016
921.5,918.5,922.5,910.5,,12/21/2016
917,921.5,924.5,902.5,,12/20/2016
927.5,916,931,915,,12/19/2016
925,925,925,925,,12/18/2016
898.5,927.5,935.5,897,,12/16/2016
925.5,897.5,935.5,890.5,,12/15/2016
936,926,949,923,,12/14/2016
933,935.5,939,924.5,,12/13/2016
916,932,935.75,911,,12/12/2016
937,915,938.5,912.5,,12/9/2016
941,937,951.5,935,,12/8/2016
934.5,940.5,949.5,927.5,,12/7/2016
937.5,935,951.5,933.5,,12/6/2016
938.5,937,941,925,,12/5/2016
931.5,931.5,931.5,931.5,,12/4/2016
917,933,935,914,,12/2/2016
912.5,915.5,917.5,898.5,,12/1/2016
919.5,911.5,927,904,,11/30/2016
925,921,929.5,917,,11/29/2016
908.5,923.5,925,908.5,,11/28/2016
908,908,908,908,,11/27/2016
916,908,919.5,905.5,,11/25/2016
933.5,916,934,913,,11/24/2016
942,931,946.5,919,,11/23/2016
940,940,951.5,934.5,,11/22/2016
923.5,941.5,942.5,921,,11/21/2016
934.5,923,935.5,916.25,,11/18/2016
944.5,933.5,951.5,933,,11/17/2016
938.5,944.25,947.75,924.75,,11/16/2016
932,937,946.5,928.75,,11/15/2016
945,930.5,949.5,922,,11/14/2016
940,940,940,940,,11/13/2016
975,940,984,934.75,,11/11/2016
1000,975,1007,971.5,,11/10/2016
1001,1002,1021,994.25,,11/9/2016
1000,1004,1015,997.5,,11/8/2016
991,998.5,1003,989,,11/7/2016
1000,999,1000,998.5,,11/6/2016
1000,1001,1006.75,991,,11/4/2016
992,998,1000.25,976.5,,11/3/2016
995.5,992,1003,986.5,,11/2/2016
982,995,998.5,978.5,,11/1/2016
981.5,981.5,982.5,974,,10/31/2016
982,981,984,980.5,,10/30/2016
965,980.5,988.25,964,,10/28/2016
962.5,965,972,960.5,,10/27/2016
964,963.5,972,958,,10/26/2016
940,965,968,938.5,,10/25/2016
932,939,948.5,932,,10/24/2016
932.5,932.5,932.5,932.5,,10/23/2016
934.5,932.5,935,926,,10/21/2016
944.5,934.5,947,930,,10/20/2016
945.5,943.5,951.5,941,,10/19/2016
939.5,945,953,937.5,,10/18/2016
934.5,936,942,927,,10/17/2016
936.5,936.5,936.5,936.5,,10/16/2016
937,936.5,939.5,926.5,,10/14/2016
942.5,935,948.5,930,,10/13/2016
949,941.5,952.5,937.75,,10/12/2016
965.5,948.5,971,946.25,,10/11/2016
971,965.5,1073.5,960.5,,10/10/2016
968.5,968.5,968.5,968.5,,10/9/2016
965,968.5,977.5,952,,10/7/2016
978.5,965,983,962,,10/6/2016
987,976,996.5,970.5,,10/5/2016
1007,987,1073.5,985,,10/4/2016
1026.5,1007.5,1031,1002.5,,10/3/2016
1026.5,1027.5,1027.5,1026.5,,10/2/2016
1027.5,1026.5,1041,1025.5,,9/30/2016
1030.5,1028.5,1040.5,1021,,9/29/2016
1026,1030,1033.5,1012,,9/28/2016
1041.5,1025,1049,1023,,9/27/2016
1054.5,1040,1055,1036.5,,9/26/2016
1053.5,1053.5,1053.5,1053.5,,9/25/2016
1055,1053.5,1061,1049.5,,9/23/2016
1052,1055.5,1066,1044.5,,9/22/2016
1031,1052.5,1056.5,1027,,9/21/2016
1022,1029.5,1037.5,1019.5,,9/20/2016
1018.5,1021,1031.5,1017.5,,9/19/2016
1017.5,1017,1017.5,1016,,9/18/2016
1033,1018,1036.5,1011,,9/16/2016
1038,1033.5,1041.5,1026,,9/15/2016
1035,1036.5,1046.5,1032.5,,9/14/2016
1054,1036.5,1064,1030.5,,9/13/2016
1065.5,1056,1066.5,1038,,9/12/2016
1085,1062.5,1090,1061.5,,9/9/2016
1090.5,1084.5,1097,1081,,9/8/2016
1099,1090.5,1107,1088,,9/7/2016
1073.5,1100,1104,1071.5,,9/6/2016
1066,1074,1076,1063,,9/5/2016
1063.5,1063.5,1063.5,1063.5,,9/4/2016
1048,1063.5,1066,1045,,9/2/2016
1052.5,1047.5,1057,1041,,9/1/2016
1057,1053,1064.5,1049.5,,8/31/2016
1077,1057.5,1081,1053,,8/30/2016
1071.5,1079,1082,1067.5,,8/29/2016
1072.5,1073,1073,1072.5,,8/28/2016
1074.5,1072.5,1089.5,1063,,8/26/2016
1080,1073.5,1085,1073.5,,8/25/2016
1105.5,1077.5,1110.5,1076.5,,8/24/2016
1105.5,1105.5,1112.5,1100,,8/23/2016
1106,1104.5,1115.5,1098,,8/22/2016
1115.5,1115.5,1115.5,1115.5,,8/21/2016
1132,1115.5,1132.5,1107.5,,8/19/2016
1120,1131,1134,1119.5,,8/18/2016
1119,1119,1123.5,1103,,8/17/2016
1113,1118,1140,1112.5,,8/16/2016
1123,1111.5,1131.5,1111,,8/15/2016
1122,1122.5,1122.5,1120.5,,8/14/2016
1141.5,1122,1152.5,1121,,8/12/2016
1177,1140.5,1180.5,1139.5,,8/11/2016
1156,1177,1195,1156,,8/10/2016
1150.5,1155,1159.5,1141.5,,8/9/2016
1143.5,1150.5,1155,1142,,8/8/2016
1146.5,1143.5,1146.5,1143.5,,8/7/2016
1158.5,1146.5,1166,1139,,8/5/2016
1164,1158.5,1165,1152,,8/4/2016
1166,1164,1169,1156,,8/3/2016
1157.5,1168,1178,1154.5,,8/2/2016
1151,1156.5,1163,1145.5,,8/1/2016
1148,1148.5,1148.5,1148,,7/31/2016
1133.5,1148,1158,1127.5,,7/29/2016
1138,1133,1155.5,1132.5,,7/28/2016
1093,1138,1138.5,1089,,7/27/2016
1085,1093.5,1096,1081.5,,7/26/2016
1081.5,1080.5,1091,1068,,7/25/2016
1082,1082.5,1082.5,1082,,7/24/2016
1101,1082,1105,1079.5,,7/22/2016
1086,1102.5,1104.5,1077,,7/21/2016
1093.5,1085,1096,1066.5,,7/20/2016
1097.5,1094,1098,1086,,7/19/2016
1093.5,1097.5,1100,1078,,7/18/2016
1090.5,1094.5,1094.5,1090.5,,7/17/2016
1102.5,1090.5,1103,1081,,7/15/2016
1096.5,1101.5,1103.5,1080.5,,7/14/2016
1092.5,1096.5,1100,1083.5,,7/13/2016
1102,1092,1106.5,1086,,7/12/2016
1101,1102.5,1105,1090.5,,7/11/2016
1106.5,1106,1106.5,1106,,7/10/2016
1090,1098.5,1101,1070.5,,7/8/2016
1086,1087,1092.5,1075.5,,7/7/2016
1072.5,1086.5,1091.5,1064.5,,7/6/2016
1066.5,1073.5,1077,1047,,7/5/2016
1058,1070,1070.75,1053.75,,7/4/2016
1060.5,1058.5,1060.5,1058.5,,7/3/2016
1025,1060.5,1062,1021.5,,7/1/2016
1009,1022.5,1028.5,999.5,,6/30/2016
979.5,1008,1011.75,978.5,,6/29/2016
980,979,983.25,971.75,,6/28/2016
989,977.5,995.5,976,,6/27/2016
985.75,976.25,985.75,975.75,,6/26/2016
959.5,985.75,999,959.5,,6/24/2016
976.5,964,981,963.5,,6/23/2016
979.5,976,987.5,975,,6/22/2016
986,979,993.5,972,,6/21/2016
965.5,987,989,964.5,,6/20/2016
970,972,972,970,,6/19/2016
970,970,982.5,963.5,,6/17/2016
976,962,989,962,,6/16/2016
975.5,975.5,986.5,972,,6/15/2016
990.5,976,992.5,970.5,,6/14/2016
990.5,990,998,983.5,,6/13/2016
992.5,989.5,992.5,989.5,,6/12/2016
1003,992.5,1004,987.5,,6/10/2016
1011,1003.5,1015.5,993.5,,6/9/2016
1009,1010,1020,1006.5,,6/8/2016
996,999.5,1003.5,982.5,,6/7/2016
985,996,997.5,984,,6/6/2016
987.5,985.5,987.5,985.5,,6/5/2016
958.5,987.5,988,955,,6/3/2016
973.5,958,977,958,,6/2/2016
980,971.5,984.5,967.5,,6/1/2016
971,979,982.5,969,,5/31/2016
977,968.5,981,966,,5/30/2016
977,979.5,979.5,977,,5/29/2016
994,977,998,975.5,,5/27/2016
993.5,994,1010.5,991,,5/26/2016
999.5,993,1004.5,990.5,,5/25/2016
1012,999.5,1013.5,998,,5/24/2016
1021.5,1010.5,1026,1005.5,,5/23/2016
1022,1021.5,1022,1021.5,,5/22/2016
1016.5,1022,1027.75,1015.5,,5/20/2016
1028.5,1014.5,1031.5,1008,,5/19/2016
1056.5,1027.5,1057.5,1026,,5/18/2016
1051.5,1053.5,1061.5,1042.5,,5/17/2016
1052,1050.5,1063.5,1050,,5/16/2016
1052,1052,1052,1050,,5/15/2016
1046,1052,1058.5,1038.5,,5/13/2016
1067,1048,1069,1047.5,,5/12/2016
1053.5,1068,1073.5,1051,,5/11/2016
1043.5,1051.5,1054.5,1040,,5/10/2016
1075,1043,1078.5,1042,,5/9/2016
1080.5,1079.5,1080.5,1079.5,,5/8/2016
1062.5,1080.5,1084,1058.5,,5/6/2016
1058.5,1063.5,1069,1049.5,,5/5/2016
1065.5,1058.5,1067,1049.5,,5/4/2016
1079.5,1066,1090.5,1063.5,,5/3/2016
1075,1080,1085,1071,,5/2/2016
1079.5,1080,1080,1079.5,,5/1/2016
1051.5,1079.5,1080.5,1051,,4/29/2016
1024,1050.5,1053,1016.5,,4/28/2016
1014,1025.5,1027.5,1013,,4/27/2016
1015.5,1012.5,1021.5,1002,,4/26/2016
1003.5,1016.5,1018,999.5,,4/25/2016
1010,1009.5,1010,1009.5,,4/24/2016
1025,1010,1032.5,1007,,4/22/2016
1017,1025.5,1043.5,1015.5,,4/21/2016
1012.5,1018.5,1029.5,1007.5,,4/20/2016
979,1014,1016.5,975,,4/19/2016
986,978,988.5,970,,4/18/2016
985,987,987,985,,4/17/2016
990,985,991,982.5,,4/15/2016
999,990.25,999.5,984.5,,4/14/2016
999.5,999.5,1002.5,987.5,,4/13/2016
988,999.5,1002.5,986.5,,4/12/2016
970,990.5,994,966.5,,4/11/2016
967.5,966.5,967.5,966.5,,4/10/2016
958.5,968.5,968.5,954.5,,4/8/2016
946,956.5,965,945,,4/7/2016
950.5,946.5,960,941.5,,4/6/2016
941,952,966,937.5,,4/5/2016
957,941.5,959,940.25,,4/4/2016
957,956,957,956,,4/3/2016
976,957,985.5,950.5,,4/1/2016
964.5,977.5,983,962,,3/31/2016
969.5,962,977.5,960,,3/30/2016
945,968,969,944.5,,3/29/2016
943.5,945.5,954.5,938.5,,3/28/2016
946.5,945.5,946.5,945.5,,3/27/2016
962.5,946.5,963,944,,3/24/2016
992.5,962.5,999,957,,3/23/2016
982.5,992.5,998.5,976.5,,3/22/2016
972.5,983.5,983.5,961.5,,3/21/2016
972.5,972,973,970,,3/20/2016
987.5,971,992.5,968,,3/18/2016
977,987.5,995.5,974.5,,3/17/2016
958,976.5,981,955,,3/16/2016
959.5,957.5,963.5,951,,3/15/2016
963,958.5,976,954.5,,3/14/2016
963.5,963,968.5,962.5,,3/13/2016
979.5,962,991,961.5,,3/11/2016
980.5,981.5,989.5,971,,3/10/2016
982.5,979,985.5,972,,3/9/2016
1000.5,990,1007.5,982,,3/8/2016
978,1001,1009.5,976,,3/7/2016
978.5,987,987,977,,3/6/2016
951.5,982,987,943,,3/4/2016
936.5,950.5,952,931,,3/3/2016
938.5,936,939.5,929.5,,3/2/2016
935.5,938,945.5,932,,3/1/2016
912,933.75,937,911,,2/29/2016
914,912.5,914,912,,2/28/2016
924,914,929.5,912.5,,2/26/2016
938,925,946,918,,2/25/2016
942.5,938,956,935,,2/24/2016
926,943,944.5,924.5,,2/23/2016
939.5,923.5,940,919,,2/22/2016
941.5,942,942,940,,2/21/2016
945.5,942,950,939,,2/19/2016
942.5,946.5,948,934.5,,2/18/2016
931.5,943.5,950.5,929.5,,2/17/2016
937,931,940.5,926.5,,2/16/2016
953,936,953,933.5,,2/15/2016
961,955.5,961,950.5,,2/12/2016
935.5,961.5,967,933.5,,2/11/2016
933.5,935.5,935.5,921.5,,2/10/2016
927,932,938,921,,2/9/2016
911,927.5,932,900,,2/8/2016
908,912,913,895,,2/5/2016
880.5,908.5,909,879.5,,2/4/2016
857,881.5,882.5,851,,2/3/2016
871,856,872,852.5,,2/2/2016
868,872,876.5,865.5,,2/1/2016
870,870.5,870.5,870,,1/31/2016
867.5,873,876,860,,1/29/2016
882,868.5,885.5,862,,1/28/2016
874.5,881,883.5,871,,1/27/2016
858.5,875,877,854.5,,1/26/2016
836,859.5,863.75,832,,1/25/2016
831.5,831.5,833.5,829.5,,1/24/2016
818.5,831.5,842,817.5,,1/22/2016
820.5,818.5,826.5,812,,1/21/2016
827.5,821,829,815,,1/20/2016
821,827.5,835,819.5,,1/19/2016
828,820.5,831.5,818.5,,1/18/2016
828.5,828.5,828.5,828.5,,1/17/2016
835.5,829,844,823,,1/15/2016
848,836,851.5,831,,1/14/2016
836,849.5,855,833,,1/13/2016
845.5,839,849,831.5,,1/12/2016
881,845.5,881.5,845,,1/11/2016
878.5,878.5,878.5,878.5,,1/10/2016
877.5,880,885,867.5,,1/8/2016
876,878.5,885,863,,1/7/2016
889.5,876.5,892.5,873.5,,1/6/2016
883.5,890,898.5,880.5,,1/5/2016
891,883,892.5,873,,1/4/2016
889,889,889,889,,1/3/2016
871.5,890.5,893.5,865,,12/31/2015
890.5,870.5,895,855.5,,12/30/2015
881.5,889.5,895,879,,12/29/2015
885,881,893.5,874.25,,12/28/2015
883,883,883,883,,12/27/2015
870.5,882.5,885.5,870.5,,12/24/2015
872,871,876.5,862.5,,12/23/2015
873,873.5,878.5,869,,12/22/2015
859.5,875.5,880.5,855,,12/21/2015
860,860,860,860,,12/20/2015
844,859.5,862,840.5,,12/18/2015
873.5,844.5,882.5,843,,12/17/2015
856,874.5,879,856,,12/16/2015
848.5,857,861,848,,12/15/2015
840.5,848,856.5,836,,12/14/2015
841.5,840.5,841.5,840.5,,12/13/2015
854,840.5,858,837,,12/11/2015
857.5,853.5,861.5,847.5,,12/10/2015
847,859,865,847,,12/9/2015
853.5,847,863,845,,12/8/2015
881.5,853.5,886,851,,12/7/2015
880,880,880,880,,12/6/2015
847.5,878,886,845,,12/4/2015
832.5,846.5,849,825,,12/3/2015
840.5,831.5,852.5,829.5,,12/2/2015
833,836,846,831.5,,12/1/2015
837.5,832,837.5,825.5,,11/30/2015
853,836,857,833.5,,11/27/2015
845.5,852.5,856,843,,11/26/2015
845,842.5,848.5,833.5,,11/25/2015
846.5,842.5,851.5,837,,11/24/2015
854.5,845,856.5,844.5,,11/23/2015
858,856.5,858,856.5,,11/22/2015
857.5,853.5,868,852.5,,11/20/2015
851.5,856,864,848.5,,11/19/2015
854.5,848.5,855.5,845.5,,11/18/2015
865,854.5,872,850,,11/17/2015
864.5,864.5,873.25,856,,11/16/2015
878.5,859.5,882.5,858,,11/13/2015
884,877,887.5,874,,11/12/2015
901,882,906.5,880,,11/11/2015
914.5,900.5,917.5,897,,11/10/2015
941,913.25,941.5,909.25,,11/9/2015
940,940,940,940,,11/8/2015
950.5,942,960.5,937,,11/6/2015
953.5,950,959.5,950,,11/5/2015
961.5,954.5,976,952,,11/4/2015
976,962,982.5,958.5,,11/3/2015
983.5,976,984.5,969.5,,11/2/2015
984.5,982,984.5,982,,11/1/2015
992,984.5,998.5,984,,10/30/2015
1001,991.5,1002,989,,10/29/2015
988,1002,1013.5,985,,10/28/2015
996.5,988,996.5,982.5,,10/27/2015
1000.5,996,1003,986.5,,10/26/2015
1000.5,1001,1001,1000.5,,10/25/2015
1011,1001.5,1019.25,995.25,,10/23/2015
1005,1010.5,1012,999,,10/22/2015
1019,1004.5,1023,1001.25,,10/21/2015
1012.5,1020,1023,1005.5,,10/20/2015
1016,1011.5,1020,1009,,10/19/2015
1018,1018,1018,1018,,10/18/2015
1005,1014.5,1024.75,995.25,,10/16/2015
1000.5,1005.5,1008.25,988.75,,10/15/2015
991,1001,1001.75,984.5,,10/14/2015
995.5,989.5,997.75,977.75,,10/13/2015
979.5,995.5,1000.5,976.5,,10/12/2015
949.5,981,984.25,945.5,,10/9/2015
945,948.75,957.75,933.25,,10/8/2015
936.5,945.75,953.25,936,,10/7/2015
914,936.25,942.75,913,,10/6/2015
910,914.75,926.75,906.75,,10/5/2015
910,910,910,910,,10/4/2015
906,910,915,893,,10/2/2015
907.5,905,917.25,899.75,,10/1/2015
917.5,906.75,926.75,906.25,,9/30/2015
916,916.25,920.25,900,,9/29/2015
949.5,918.5,951,915.75,,9/28/2015
952,947,954.5,943.75,,9/25/2015
933.5,955,959.25,932.25,,9/24/2015
937,932,946.75,929.75,,9/23/2015
970.5,937,973,935.75,,9/22/2015
976,971,983.75,968.75,,9/21/2015
979.5,979.5,984,979.5,,9/20/2015
983.5,981,989.75,973,,9/18/2015
972.5,984,988,960.75,,9/17/2015
962.5,973,976,956,,9/16/2015
958,961.5,963.5,949,,9/15/2015
967.5,955,973,952,,9/14/2015
969.5,968,969.5,968,,9/13/2015
982,969.5,986,958,,9/11/2015
982,980.5,992.25,977,,9/10/2015
1004.5,981.5,1010.5,980,,9/9/2015
989,1004,1011,987,,9/8/2015
992.5,988.5,995,980,,9/7/2015
994.5,997.5,998.5,994.5,,9/6/2015
1007.5,991.5,1010.5,990.25,,9/4/2015
1015.5,1006,1022,1003,,9/3/2015
1003,1015,1017,1000.5,,9/2/2015
1008,1003,1016.75,998.75,,9/1/2015
1017,1007,1017,999.75,,8/31/2015
1016.5,1017.5,1017.5,1016.5,,8/30/2015
1003.5,1018.5,1026.5,998,,8/28/2015
987,1006,1009,983,,8/27/2015
975.5,982,986.5,970,,8/26/2015
992.5,977.5,1001.5,971,,8/25/2015
1026.5,990.5,1028.5,976.75,,8/24/2015
1024.5,1024.5,1024.5,1024.5,,8/23/2015
1033,1021,1036.5,1016,,8/21/2015
1014,1031.5,1034.25,1011.5,,8/20/2015
995,1014,1015.75,987.5,,8/19/2015
999.5,993.5,1000,980.25,,8/18/2015
990,996.5,1000.25,989.25,,8/17/2015
989,989,989,989,,8/16/2015
991,991.5,1002.25,984.75,,8/14/2015
1001.5,990.5,1002.5,987.25,,8/13/2015
986,1001.5,1004.75,978,,8/12/2015
985,991,1000,974.5,,8/11/2015
962,987,990.75,956.5,,8/10/2015
962,957,962,957,,8/9/2015
952.5,962,965.75,945.75,,8/7/2015
949.5,957.5,957.5,945.75,,8/6/2015
953.5,950,955.75,947.75,,8/5/2015
961,954,962.5,945,,8/4/2015
982,961,985.5,958.75,,8/3/2015
988,988,988,988,,8/2/2015
989.5,984,994.75,973.75,,7/31/2015
989,989,991.25,979.25,,7/30/2015
984,984.75,989,977.75,,7/29/2015
983.5,984,986.75,977.25,,7/28/2015
987,981.75,992,976.25,,7/27/2015
987.5,987.5,987.5,987.5,,7/26/2015
977.5,987.5,989.25,969.25,,7/24/2015
982,978.5,998.25,974.25,,7/23/2015
979.5,981.5,981.75,962,,7/22/2015
975.5,980,992.75,966.5,,7/21/2015
996.5,979,997,948,,7/20/2015
1010.5,994.5,1010.5,994,,7/17/2015
1022,1010,1022.5,1005.25,,7/16/2015
1026.5,1022.5,1031,1014.75,,7/15/2015
1033,1025.75,1034.5,1025.25,,7/14/2015
1030.5,1034.5,1037.75,1020.75,,7/13/2015
1025,1031,1038.75,1022.5,,7/10/2015
1031.5,1024,1040,1020.5,,7/9/2015
1037.5,1032,1039.5,1012,,7/8/2015
1064.5,1038.75,1069,1028.25,,7/7/2015
1082,1064,1085,1048.75,,7/6/2015
1083.5,1083,1085.75,1080.75,,7/3/2015
1082.5,1084,1085.25,1073.25,,7/2/2015
1080,1082.5,1089.75,1078.5,,7/1/2015
1080.5,1078,1085.25,1073.75,,6/30/2015
1093,1080.5,1096.5,1067.75,,6/29/2015
1085,1083,1087,1071,,6/26/2015
1077,1083.5,1084.75,1073.25,,6/25/2015
1068.5,1069.5,1077.75,1066.25,,6/24/2015
1060.5,1067.5,1075.75,1059.5,,6/23/2015
1086,1062.5,1086.5,1058.25,,6/22/2015
1083.5,1083.5,1083.5,1083.5,,6/21/2015
1084,1085.5,1089.75,1082.75,,6/19/2015
1079.5,1085,1096.5,1079.5,,6/18/2015
1080.25,1081.5,1086.25,1072.75,,6/17/2015
1086.5,1081.25,1094.75,1078.25,,6/16/2015
1097,1087,1099.5,1077.5,,6/15/2015
1108.5,1096.5,1109,1095,,6/12/2015
1114.5,1108,1116.75,1102.25,,6/11/2015
1108.5,1114,1118.5,1105.5,,6/10/2015
1103,1108,1114.5,1102.5,,6/9/2015
1095.5,1103,1104,1095,,6/8/2015
1095,1095,1095,1095,,6/7/2015
1100.5,1096.5,1102,1089.5,,6/5/2015
1104.5,1099.5,1110,1096,,6/4/2015
1114,1107.5,1117,1102.5,,6/3/2015
1103.5,1112.5,1114.5,1102,,6/2/2015
1111.5,1108.5,1123.5,1103.5,,6/1/2015
1109.5,1110,1110,1109.5,,5/31/2015
1116,1110.5,1119,1110,,5/29/2015
1119.5,1116,1128,1110.25,,5/28/2015
1124.5,1119.5,1131,1116.5,,5/27/2015
1149.5,1125.5,1150.5,1123,,5/26/2015
1145.5,1150,1151,1143.5,,5/25/2015
1146,1146,1146,1146,,5/24/2015
1155,1147,1161,1144.5,,5/22/2015
1156,1154.5,1159,1144.5,,5/21/2015
1151,1157,1159.5,1147.5,,5/20/2015
1176.5,1151.5,1176.5,1148,,5/19/2015
1168,1174.5,1179,1163,,5/18/2015
1170,1168.5,1172,1168.5,,5/17/2015
1159,1168,1171.5,1150,,5/15/2015
1148.5,1160,1166,1147,,5/14/2015
1134,1148,1153.5,1130.5,,5/13/2015
1127.5,1134.5,1141,1126.5,,5/12/2015
1143,1127,1144,1124,,5/11/2015
1144,1144,1144,1144,,5/10/2015
1132,1143,1146,1131,,5/8/2015
1143.5,1133.5,1146.5,1130.5,,5/7/2015
1146.5,1144.5,1150.5,1136.5,,5/6/2015
1148,1145,1156.5,1142.5,,5/5/2015
1130,1147.5,1154,1128.5,,5/4/2015
1130,1131.5,1131.5,1130,,5/3/2015
1144,1131.5,1145.5,1126.5,,5/1/2015
1155.5,1145,1155.5,1131,,4/30/2015
1156,1155.5,1162.5,1151,,4/29/2015
1147,1156.75,1160.5,1141,,4/28/2015
1125.5,1150.5,1155,1119,,4/27/2015
1137.5,1125,1139,1119.5,,4/24/2015
1130.5,1138,1141,1126.5,,4/23/2015
1150,1130,1152,1129,,4/22/2015
1149,1150,1159.5,1145.5,,4/21/2015
1172,1149.5,1174,1144.5,,4/20/2015
1169,1168.5,1169,1168.5,,4/19/2015
1160,1171,1172,1159.5,,4/17/2015
1163,1160.5,1174,1153.5,,4/16/2015
1152,1162,1165,1146,,4/15/2015
1154,1152,1160.5,1142,,4/14/2015
1172.5,1153.5,1173.5,1150,,4/13/2015
1172,1172,1172,1172,,4/12/2015
1156.5,1172.5,1177,1155,,4/10/2015
1166.5,1157,1166.5,1155,,4/9/2015
1172,1166.5,1177.5,1161,,4/8/2015
1177.5,1171.5,1177.5,1164.5,,4/7/2015
1169,1176.5,1186.25,1167,,4/6/2015
1157,1161.5,1161.5,1157,,4/5/2015
1162.5,1156.5,1165.5,1150.5,,4/2/2015
1143,1163,1168.25,1133.5,,4/1/2015
1119,1142.5,1144.25,1117.5,,3/31/2015
1138,1121,1139,1116,,3/30/2015
1138,1138,1138,1138,,3/29/2015
1154.5,1138,1155,1136.5,,3/27/2015
1145,1154,1165.25,1143.5,,3/26/2015
1140,1145.5,1152.75,1136.5,,3/25/2015
1148.5,1140.5,1149,1134.5,,3/24/2015
1140,1149,1150.75,1135.75,,3/23/2015
1138,1140.5,1141,1138,,3/22/2015
1124,1139,1145.5,1121,,3/20/2015
1116,1124,1134,1114,,3/19/2015
1097,1116.5,1123.75,1088.75,,3/18/2015
1108,1096,1110.5,1090,,3/17/2015
1118,1107.5,1122.5,1106,,3/16/2015
1119,1118,1120,1117.5,,3/15/2015
1119,1117.5,1124.5,1114.5,,3/13/2015
1121,1118.5,1132,1113.25,,3/12/2015
1130.5,1121.5,1136,1114,,3/11/2015
1149.5,1130,1149.5,1128,,3/10/2015
1160.5,1149,1161,1146.5,,3/9/2015
1160.5,1160,1161.5,1159.5,,3/8/2015
1180.5,1161,1183,1157,,3/6/2015
1184.5,1179.5,1192,1178.5,,3/5/2015
1189,1183,1190,1176,,3/4/2015
1188,1187,1198,1178,,3/3/2015
1186,1189,1194,1184,,3/2/2015
1185.5,1185.5,1186.5,1185.5,,3/1/2015
1177.5,1189.5,1192,1167.5,,2/27/2015
1175,1175,1192.5,1171.5,,2/26/2015
1165.5,1170.5,1177.5,1164.5,,2/25/2015
1165,1166,1169.5,1155.5,,2/24/2015
1164.5,1163.5,1173,1156.5,,2/23/2015
1171,1164,1175,1156.5,,2/20/2015
1174,1170.5,1185.5,1163.5,,2/19/2015
1178.5,1170.5,1184,1164.25,,2/18/2015
1208.5,1177,1210,1169,,2/17/2015
1209,1207.5,1217.5,1204.25,,2/16/2015
1207.5,1207.5,1207.5,1207.5,,2/15/2015
1201,1207,1214.25,1196.25,,2/13/2015
1195.5,1199,1207,1195,,2/12/2015
1208.5,1194.5,1213.5,1194,,2/11/2015
1217,1209,1225,1204.5,,2/10/2015
1224.5,1219,1231,1210,,2/9/2015
1220.5,1220.5,1220.5,1220.5,,2/8/2015
1251.5,1223,1257.5,1219.5,,2/6/2015
1243,1252,1256.5,1230,,2/5/2015
1236,1241,1246.25,1230.5,,2/4/2015
1228.5,1233,1242,1223,,2/3/2015
1238,1227.5,1241.5,1223.5,,2/2/2015
1243,1241.5,1244.5,1241.5,,2/1/2015
1222.5,1240.5,1243.25,1217.5,,1/30/2015
1258,1221.5,1258,1213.5,,1/29/2015
1263.5,1254.5,1267,1253.5,,1/28/2015
1252,1264,1277.5,1248,,1/27/2015
1269.5,1252.5,1278.5,1247.5,,1/26/2015
1267,1273,1273,1267,,1/25/2015
1285,1268.5,1285,1265.5,,1/23/2015
1274,1284,1289.25,1270,,1/22/2015
1283,1273.5,1288,1270.5,,1/21/2015
1265.25,1282.5,1288.5,1262,,1/20/2015
1272.75,1266.5,1272.75,1261.25,,1/19/2015
1267.5,1268,1268,1267.5,,1/18/2015
1260.75,1268,1272,1253.75,,1/16/2015
1232.25,1257.5,1265.5,1229.75,,1/15/2015
1239.75,1232,1248.25,1227.25,,1/14/2015
1240.25,1239.5,1248,1237.75,,1/13/2015
1231.75,1243.5,1245.25,1226.75,,1/12/2015
1230,1229.5,1230,1229.5,,1/11/2015
1218.25,1232.5,1233.25,1218.25,,1/9/2015
1218.75,1218.5,1226.75,1215.75,,1/8/2015
1220.75,1219.5,1223.25,1214,,1/7/2015
1211.75,1221,1226.75,1208.25,,1/6/2015
1202.75,1212.5,1217.75,1196.25,,1/5/2015
1209.75,1202.5,1215.25,1188.25,,1/2/2015
