Date,0
2015-08-07,
2015-08-08,-0.29291396105198975
2015-08-09,-0.30263396228632333
2015-08-10,-0.29800338110144153
2015-08-11,-0.16157231224193047
2015-08-12,-0.1382672421365495
2015-08-13,-0.004340354988996764
2015-08-14,0.010184806790018541
2015-08-15,-0.029077037493451252
2015-08-16,-0.05417781157108803
2015-08-17,-0.12526087203917902
2015-08-18,-0.24414095211471099
2015-08-19,-0.18510364927977785
2015-08-20,-0.12031613717421463
2015-08-21,-0.14097783359634208
2015-08-22,-0.15127684883107573
2015-08-23,-0.16887613462902284
2015-08-24,-0.24780905945918819
2015-08-25,-0.257935239458985
2015-08-26,-0.24814542269902273
2015-08-27,-0.2588207275496156
2015-08-28,-0.23866496133531123
2015-08-29,-0.24491856732259487
2015-08-30,-0.2193948921090334
2015-08-31,-0.2108140425300674
2015-09-01,-0.21635261588334476
2015-09-02,-0.22827706287538996
2015-09-03,-0.2515026210289819
2015-09-04,-0.23977042198990117
2015-09-05,-0.20127862064466284
2015-09-06,-0.19264333675088274
2015-09-07,-0.20304080749741638
2015-09-08,-0.1996464342961679
2015-09-09,-0.22412431555186274
2015-09-10,-0.2302715108070078
2015-09-11,-0.26804414333315896
2015-09-12,-0.2700425660144318
2015-09-13,-0.299814940443642
2015-09-14,-0.3123578743036012
2015-09-15,-0.2964181210490878
2015-09-16,-0.30857888739618655
2015-09-17,-0.30772399629583325
2015-09-18,-0.30595244421223433
2015-09-19,-0.306168323782959
2015-09-20,-0.29394147272953985
2015-09-21,-0.3069189556541505
2015-09-22,-0.30390413004183414
2015-09-23,-0.3046951526377383
2015-09-24,-0.3159113665044555
2015-09-25,-0.3398914984195195
2015-09-26,-0.32623251887644666
2015-09-27,-0.3475820682998708
2015-09-28,-0.3679629322799026
2015-09-29,-0.3488882640260893
2015-09-30,-0.3211148821116848
2015-10-01,-0.3351154199506923
2015-10-02,-0.3397359747454768
2015-10-03,-0.33290306334585806
2015-10-04,-0.3405764120373256
2015-10-05,-0.35156590733652293
2015-10-06,-0.3295814224194892
2015-10-07,-0.3527666145310402
2015-10-08,-0.3486081272515049
2015-10-09,-0.3339390340959546
2015-10-10,-0.34093158078803887
2015-10-11,-0.33379153705675846
2015-10-12,-0.33903516852835247
2015-10-13,-0.33874223887296406
2015-10-14,-0.3697346490161856
2015-10-15,-0.3547854705474829
2015-10-16,-0.35710134629565404
2015-10-17,-0.3489685392349262
2015-10-18,-0.3713044777779344
2015-10-19,-0.3797469681753771
2015-10-20,-0.3948992378382735
2015-10-21,-0.3926276243017639
2015-10-22,-0.32965383305430995
2015-10-23,-0.33889894903489504
2015-10-24,-0.3258422877985995
2015-10-25,-0.3057827834424719
2015-10-26,-0.2582423236937612
2015-10-27,-0.204906903539248
2015-10-28,-0.15412035902989796
2015-10-29,-0.02617743231287961
2015-10-30,-0.03205240047536173
2015-10-31,-0.10472648428047493
2015-11-01,-0.036601574639472445
2015-11-02,-0.004680831494349946
2015-11-03,0.07585617395289379
2015-11-04,0.014548961926662551
2015-11-05,-0.02892068757205757
2015-11-06,-0.06168859466596355
2015-11-07,-0.0465163382799908
2015-11-08,-0.03910245829733283
2015-11-09,-0.04408422452697325
2015-11-10,-0.12759233541639647
2015-11-11,-0.2077752555953084
2015-11-12,-0.12264529747616715
2015-11-13,-0.1258191159145713
2015-11-14,-0.13690847629185288
2015-11-15,-0.15383598985073843
2015-11-16,-0.12610404756904647
2015-11-17,-0.0963566902045383
2015-11-18,-0.10274022939005678
2015-11-19,-0.12653603572392902
2015-11-20,-0.14122397846437695
2015-11-21,-0.11782312007087858
2015-11-22,-0.12367499938241633
2015-11-23,-0.13255331151103966
2015-11-24,-0.1510276439160665
2015-11-25,-0.13379015709547926
2015-11-26,-0.08256916975292583
2015-11-27,-0.08605704612629916
2015-11-28,-0.07462766802885112
2015-11-29,-0.062228444469729416
2015-11-30,-0.06324145149416316
2015-12-01,-0.09098148379970838
2015-12-02,-0.12047590450070655
2015-12-03,-0.11910434936537662
2015-12-04,-0.10864295812644087
2015-12-05,-0.06533243264021382
2015-12-06,-0.0796724261263485
2015-12-07,-0.06804658473116443
2015-12-08,-0.04460066888860814
2015-12-09,-0.05621547458126497
2015-12-10,-0.039068718258621904
2015-12-11,0.03818145948339047
2015-12-12,0.02202382271770076
2015-12-13,0.01457923782285575
2015-12-14,0.03581977222068411
2015-12-15,0.08053638315862033
2015-12-16,0.05167018966156922
2015-12-17,0.0385911010282709
2015-12-18,0.038311268856211944
2015-12-19,0.029463028604247432
2015-12-20,-0.003711104671788812
2015-12-21,-0.015162339318431806
2015-12-22,-0.03375344532977764
2015-12-23,-0.01680309540224123
2015-12-24,0.0005383552108870759
2015-12-25,0.0020096021770588113
2015-12-26,-0.05063039596265839
2015-12-27,-0.040721165323536535
2015-12-28,-0.046570968260258305
2015-12-29,-0.024827087032370132
2015-12-30,-0.01893789571328186
2015-12-31,-0.006184390985961685
2016-01-01,0.004595291034050986
2016-01-02,-0.0005965158923935121
2016-01-03,0.00731780707620544
2016-01-04,0.004890523626819077
2016-01-05,4.05826421905342e-05
2016-01-06,-0.003470422617700697
2016-01-07,0.03032469783758862
2016-01-08,0.039679847674162216
2016-01-09,0.03459179554013536
2016-01-10,0.03690721870096403
2016-01-11,0.060762711895281596
2016-01-12,0.07090723673581323
2016-01-13,0.061440364756253585
2016-01-14,0.0789767403703292
2016-01-15,-0.019286489630978565
2016-01-16,0.014693021638051418
2016-01-17,0.03317339407275188
2016-01-18,0.0658011515300545
2016-01-19,0.04200101616607599
2016-01-20,0.16197016106384243
2016-01-21,0.13910768844557797
2016-01-22,0.08362262851306168
2016-01-23,0.20492229887535962
2016-01-24,0.2653130804830972
2016-01-25,0.31695289653483694
2016-01-26,0.2821460005978189
2016-01-27,0.3242470129785653
2016-01-28,0.31086695541670206
2016-01-29,0.3032478318657661
2016-01-30,0.288894258868454
2016-01-31,0.2496957996407041
2016-02-01,0.24092022435945148
2016-02-02,0.2849117211602903
2016-02-03,0.2914530494982128
2016-02-04,0.3389923607044092
2016-02-05,0.32516447987685715
2016-02-06,0.30751038842510403
2016-02-07,0.3797139392634552
2016-02-08,0.40571846543929935
2016-02-09,0.539369243415392
2016-02-10,0.599002302393242
2016-02-11,0.7822875524342707
2016-02-12,0.7504492688129838
2016-02-13,0.7483212759197662
2016-02-14,0.7704887426408993
2016-02-15,0.7605936053424522
2016-02-16,0.6682065513273616
2016-02-17,0.6138997813923481
2016-02-18,0.7153517260191384
2016-02-19,0.7574720420026178
2016-02-20,0.7681981628967887
2016-02-21,0.8138695398962437
2016-02-22,0.940904151211323
2016-02-23,0.8961705802924171
2016-02-24,0.9719782528023566
2016-02-25,0.9556433717011519
2016-02-26,0.9577011017380932
2016-02-27,1.0130701811001068
2016-02-28,1.0247332593732112
2016-02-29,1.018388427080116
2016-03-01,1.1516600901471934
2016-03-02,1.1951752349163551
2016-03-03,1.253753986528508
2016-03-04,1.3079712239503944
2016-03-05,1.3190026817720053
2016-03-06,1.3665549834256514
2016-03-07,1.263799731671118
2016-03-08,1.283309689916528
2016-03-09,1.449444840440747
2016-03-10,1.4151375568973212
2016-03-11,1.4319028440056187
2016-03-12,1.5691530215813407
2016-03-13,1.6383042267161079
2016-03-14,1.519440768369797
2016-03-15,1.5583973436783438
2016-03-16,1.5276386668693411
2016-03-17,1.4375643726593004
2016-03-18,1.3762603037476748
2016-03-19,1.3464399307469432
2016-03-20,1.343803596042806
2016-03-21,1.4587391320362029
2016-03-22,1.436169393274204
2016-03-23,1.520348821779872
2016-03-24,1.432395746074595
2016-03-25,1.399527309800297
2016-03-26,1.4185546368578597
2016-03-27,1.4130349570788958
2016-03-28,1.494851954695577
2016-03-29,1.4694595946436104
2016-03-30,1.4852726867671677
2016-03-31,1.4607063653905374
2016-04-01,1.4775264874271241
2016-04-02,1.484349590398378
2016-04-03,1.4859403828853335
2016-04-04,1.4510532313719806
2016-04-05,1.4036679173190842
2016-04-06,1.4225392812247133
2016-04-07,1.3721044345011197
2016-04-08,1.334028062707994
2016-04-09,1.2857651882365437
2016-04-10,1.2743906488495034
2016-04-11,1.2546966983350534
2016-04-12,1.1586503080333066
2016-04-13,1.2103226929193553
2016-04-14,1.2428444319784155
2016-04-15,1.2485884022442284
2016-04-16,1.2822878600354715
2016-04-17,1.3347707948925955
2016-04-18,1.3099577672127953
2016-04-19,1.3056633542805334
2016-04-20,1.292484521676192
2016-04-21,1.28942976932617
2016-04-22,1.2505215264129217
2016-04-23,1.3070245439425912
2016-04-24,1.3625269813350602
2016-04-25,1.362468435830782
2016-04-26,1.4023892269286091
2016-04-27,1.3740132058226826
2016-04-28,1.3012120146556483
2016-04-29,1.3471449869061574
2016-04-30,1.446264804239084
2016-05-01,1.4658696517081147
2016-05-02,1.5695792492420328
2016-05-03,1.5227386717487637
2016-05-04,1.5266281854671098
2016-05-05,1.5584774979929619
2016-05-06,1.5638590717019518
2016-05-07,1.5934251003345343
2016-05-08,1.6004712638804226
2016-05-09,1.6132370042347732
2016-05-10,1.5501224402451754
2016-05-11,1.6252641200845468
2016-05-12,1.6288478512133828
2016-05-13,1.6853412075351648
2016-05-14,1.6818580634586646
2016-05-15,1.6731812743357994
2016-05-16,1.7622718609056904
2016-05-17,1.8408120740987384
2016-05-18,1.9528878286486075
2016-05-19,1.9646175940376116
2016-05-20,1.9099356988630873
2016-05-21,1.9564112780595573
2016-05-22,1.960701873660573
2016-05-23,1.924258537882054
2016-05-24,1.871342351261295
2016-05-25,1.8864282286137257
2016-05-26,1.8959391402879637
2016-05-27,1.9496226721090055
2016-05-28,2.1626257592523848
2016-05-29,2.175185783961323
2016-05-30,2.2367251021772137
2016-05-31,2.341615207077648
2016-06-01,2.368918376981731
2016-06-02,2.3438406921672965
2016-06-03,2.451842869163562
2016-06-04,2.4376228475769683
2016-06-05,2.462849497788773
2016-06-06,2.5157460405538203
2016-06-07,2.501940271738714
2016-06-08,2.49904246087222
2016-06-09,2.469907861709371
2016-06-10,2.4724617627841945
2016-06-11,2.596263756206254
2016-06-12,2.9342929397262756
2016-06-13,3.1400894182675367
2016-06-14,3.1818843127503715
2016-06-15,3.1698192618739283
2016-06-16,3.5944805674339735
2016-06-17,3.1537585367256824
2016-06-18,2.794713476555044
2016-06-19,2.9159075029666726
2016-06-20,2.7585859688833767
2016-06-21,2.6820327530183428
2016-06-22,2.300753423097499
2016-06-23,2.3840663675570335
2016-06-24,2.638424291699514
2016-06-25,2.6209023785086427
2016-06-26,2.4741774947623725
2016-06-27,2.5376110341760745
2016-06-28,2.372137433531245
2016-06-29,2.389367713298238
2016-06-30,2.471619952684902
2016-07-01,2.4696141744392577
2016-07-02,2.600490129510031
2016-07-03,2.3952630973359046
2016-07-04,2.490591653116577
2016-07-05,2.358594076890407
2016-07-06,2.3650897274330416
2016-07-07,2.170051708419295
2016-07-08,2.3749747662959377
2016-07-09,2.291188560726122
2016-07-10,2.270036014829256
2016-07-11,2.2147068178166527
2016-07-12,2.2662989972578664
2016-07-13,2.2443029836123367
2016-07-14,2.357154432557514
2016-07-15,2.4116200071177403
2016-07-16,2.3715143891225496
2016-07-17,2.3712134393634154
2016-07-18,2.3370128217939117
2016-07-19,2.3958064325529103
2016-07-20,2.458159614267919
2016-07-21,2.4741705162730634
2016-07-22,2.6101829955475573
2016-07-23,2.5951620362072787
2016-07-24,2.4797581442513943
2016-07-25,2.554998988585002
2016-07-26,2.37449291061104
2016-07-27,2.4671103478372887
2016-07-28,2.4602685701720066
2016-07-29,2.491203977101196
2016-07-30,2.4529552072879173
2016-07-31,2.331956340438003
2016-08-01,2.170232062054143
2016-08-02,1.7984393674940282
2016-08-03,2.010974720678571
2016-08-04,2.1130266062441305
2016-08-05,2.0907969375937734
2016-08-06,2.118039269145204
2016-08-07,2.135205142022642
2016-08-08,2.165725239939664
2016-08-09,2.2464710977323565
2016-08-10,2.2347113532061624
2016-08-11,2.194838657832538
2016-08-12,2.1906566398562237
2016-08-13,2.1698303476593175
2016-08-14,2.089915667633294
2016-08-15,2.065614897079247
2016-08-16,2.0941427137046023
2016-08-17,2.039925003413514
2016-08-18,2.0443460991420026
2016-08-19,2.045113764073721
2016-08-20,2.106136410650199
2016-08-21,2.0990254836229467
2016-08-22,2.1153701253499633
2016-08-23,2.1786804213644553
2016-08-24,2.152927457976466
2016-08-25,2.1647057371749923
2016-08-26,2.169142828064314
2016-08-27,2.112951888042067
2016-08-28,2.1006455170776057
2016-08-29,2.1115921684655734
2016-08-30,2.1531601413223176
2016-08-31,2.1891473456146233
2016-09-01,2.2223421024729832
2016-09-02,2.2369019097241414
2016-09-03,2.2659578229334962
2016-09-04,2.312815534446297
2016-09-05,2.3029183277703824
2016-09-06,2.3053874670032615
2016-09-07,2.2988050359503314
2016-09-08,2.305747128368222
2016-09-09,2.3244049772156177
2016-09-10,2.374316848683614
2016-09-11,2.2628566044355685
2016-09-12,2.280346036504445
2016-09-13,2.2840153340045015
2016-09-14,2.290014622755602
2016-09-15,2.279154326123584
2016-09-16,2.3338461067990086
2016-09-17,2.344449414875746
2016-09-18,2.3978480236723443
2016-09-19,2.406238572126753
2016-09-20,2.5146275171131216
2016-09-21,2.4388812917627334
2016-09-22,2.372150525106073
2016-09-23,2.4051153160859475
2016-09-24,2.3637909175654896
2016-09-25,2.3808147009605305
2016-09-26,2.3853570349377944
2016-09-27,2.4041906854628263
2016-09-28,2.4124798574246986
2016-09-29,2.3994086148629243
2016-09-30,2.418911423440285
2016-10-01,2.424622052507422
2016-10-02,2.41916580501895
2016-10-03,2.4420129526312624
2016-10-04,2.4189714843662506
2016-10-05,2.4085596197212387
2016-10-06,2.394703052666976
2016-10-07,2.3904251816344253
2016-10-08,2.3470011900037298
2016-10-09,2.320991227170887
2016-10-10,2.291837449876957
2016-10-11,2.3399115220119144
2016-10-12,2.328530978766314
2016-10-13,2.37601688199666
2016-10-14,2.377447869239211
2016-10-15,2.3713951453932745
2016-10-16,2.3774439748721363
2016-10-17,2.385448888782522
2016-10-18,2.417661471040043
2016-10-19,2.342648267796306
2016-10-20,2.3429608598634575
2016-10-21,2.361281129873919
2016-10-22,2.418591201384699
2016-10-23,2.4243322434552144
2016-10-24,2.3979753850512395
2016-10-25,2.3624923977871113
2016-10-26,2.425430650207882
2016-10-27,2.456728714165106
2016-10-28,2.4035933978565414
2016-10-29,2.412318349357466
2016-10-30,2.4569710654300123
2016-10-31,2.4250441827965803
2016-11-01,2.4748677928180274
2016-11-02,2.4955122719138276
2016-11-03,2.349738669804404
2016-11-04,2.408330274569178
2016-11-05,2.3960176261426804
2016-11-06,2.402391550485232
2016-11-07,2.367577237751592
2016-11-08,2.3820241903769754
2016-11-09,2.391211825907888
2016-11-10,2.3534109117534183
2016-11-11,2.3274586085672047
2016-11-12,2.250320441169416
2016-11-13,2.3030431589872977
2016-11-14,2.2924963576932607
2016-11-15,2.3353418004560216
2016-11-16,2.4049518346536454
2016-11-17,2.370833851599281
2016-11-18,2.3341666092980007
2016-11-19,2.353987582574099
2016-11-20,2.3046931696709128
2016-11-21,2.328302750677518
2016-11-22,2.379997371823857
2016-11-23,2.356531364236247
2016-11-24,2.275482109065313
2016-11-25,2.299798507106607
2016-11-26,2.2759797788286495
2016-11-27,2.2291734498905833
2016-11-28,2.2024411530382157
2016-11-29,2.1320146347228035
2016-11-30,2.204317133106797
2016-12-01,2.207590228261279
2016-12-02,2.1601158224571373
2016-12-03,2.1668401147722354
2016-12-04,2.100344136517661
2016-12-05,1.8953966898451755
2016-12-06,2.0524601513318843
2016-12-07,2.1471175319923113
2016-12-08,2.153681307902913
2016-12-09,2.1840196633331974
2016-12-10,2.143027133719825
2016-12-11,2.1331572627360567
2016-12-12,2.196081984552037
2016-12-13,2.180802076805568
2016-12-14,2.153294355891621
2016-12-15,2.0946133362300214
2016-12-16,2.108628120520596
2016-12-17,2.13866761508594
2016-12-18,2.130960457102867
2016-12-19,2.100385376333964
2016-12-20,2.1127789698610537
2016-12-21,2.1883552451365835
2016-12-22,2.199607527315531
2016-12-23,2.482732012681578
2016-12-24,2.4438237370736364
2016-12-25,2.374593439638418
2016-12-26,2.4065957897815116
2016-12-27,2.4521889089057387
2016-12-28,2.587171663711885
2016-12-29,2.701537231483218
2016-12-30,2.6228250726292486
2016-12-31,2.5797820407364935
2017-01-01,2.7044630669841876
2017-01-02,2.8021460912953384
2017-01-03,3.02706294248172
2017-01-04,3.441756711571954
2017-01-05,2.962465751386709
2017-01-06,2.684840177586651
2017-01-07,2.677215620865843
2017-01-08,2.7452314572605974
2017-01-09,2.8341703095379636
2017-01-10,2.954784764315972
2017-01-11,2.448332535654422
2017-01-12,2.5399958383145234
2017-01-13,2.5356656203702044
2017-01-14,2.515802975330425
2017-01-15,2.5595508962790907
2017-01-16,2.534488519535799
2017-01-17,2.7351651188695434
2017-01-18,2.6650488451997147
2017-01-19,2.709578161274792
2017-01-20,2.7376189076311914
2017-01-21,2.8157862001337954
2017-01-22,2.7756906573969666
2017-01-23,2.7821846232429865
2017-01-24,2.7051509983740285
2017-01-25,2.6868536445896463
2017-01-26,2.750519254189529
2017-01-27,2.754381590123821
2017-01-28,2.7592240558920613
2017-01-29,2.7464932502947232
2017-01-30,2.8129212880883485
2017-01-31,2.9189271305001685
2017-02-01,2.9434924789920753
2017-02-02,2.9879089204883265
2017-02-03,3.046824560225578
2017-02-04,3.0944397075752885
2017-02-05,3.0593956436839775
2017-02-06,3.0783370336832974
2017-02-07,3.122520975264022
2017-02-08,3.108861945511027
2017-02-09,2.8961078034457697
2017-02-10,2.9103833708076983
2017-02-11,2.944824738543098
2017-02-12,2.9337254864003897
2017-02-13,2.8914099516254885
2017-02-14,3.1301644406270643
2017-02-15,3.137078016991576
2017-02-16,3.15455661723459
2017-02-17,3.171398939433818
2017-02-18,3.18269865215657
2017-02-19,3.1578299918874038
2017-02-20,3.1666150771367674
2017-02-21,3.2444215978623268
2017-02-22,3.247668478379743
2017-02-23,3.3825506021926666
2017-02-24,3.3871086528448844
2017-02-25,3.3957470507412753
2017-02-26,3.5283856314501705
2017-02-27,3.6291791992236035
2017-02-28,3.6584589875636873
2017-03-01,3.876370542057506
2017-03-02,4.125345902810155
2017-03-03,4.195105610972063
2017-03-04,4.077134118151852
2017-03-05,4.163043260120799
2017-03-06,4.206601762211423
2017-03-07,4.031692029419606
2017-03-08,3.7122592124893394
2017-03-09,3.894883404599473
2017-03-10,3.904669247697762
2017-03-11,4.192167831814259
2017-03-12,4.437922609019728
2017-03-13,5.006973342454781
2017-03-14,4.969046225944573
2017-03-15,5.480803698583035
2017-03-16,6.1092675967032
2017-03-17,5.857405478421077
2017-03-18,4.927115069101545
2017-03-19,5.661094774352394
2017-03-20,5.674716662976984
2017-03-21,5.788804249587906
2017-03-22,5.561443473410766
2017-03-23,5.632666456653356
2017-03-24,5.952524320827409
2017-03-25,5.951055341459501
2017-03-26,5.898080711522434
2017-03-27,6.0554235274318255
2017-03-28,6.157390602984387
2017-03-29,6.268858762064165
2017-03-30,7.813032946647279
2017-03-31,7.6888704204206455
2017-04-01,7.844771309312344
2017-04-02,8.159221453543982
2017-04-03,8.128030951619955
2017-04-04,8.202005917701666
2017-04-05,9.26238224118933
2017-04-06,9.023064420152167
2017-04-07,8.636493592445449
2017-04-08,8.983961775847982
2017-04-09,8.534704725218536
2017-04-10,8.620684212596593
2017-04-11,8.644185060372612
2017-04-12,9.546510488425808
2017-04-13,9.546766140106866
2017-04-14,9.439656125507613
2017-04-15,9.701734566080146
2017-04-16,9.67927242150885
2017-04-17,9.58459989380865
2017-04-18,9.778230536686852
2017-04-19,9.3734679048051
2017-04-20,9.767314888697838
2017-04-21,9.952260964803656
2017-04-22,10.603236388760862
2017-04-23,10.780122204271674
2017-04-24,11.333824328430714
2017-04-25,11.440680143516582
2017-04-26,11.62750361469149
2017-04-27,12.438104075190783
2017-04-28,12.923736774597025
2017-04-29,13.277819574020613
2017-04-30,14.101641824588103
2017-05-01,14.271363255254506
2017-05-02,14.440400264717185
2017-05-03,16.4027226966939
2017-05-04,18.492264633567377
2017-05-05,19.19238834378809
2017-05-06,20.02197471872783
2017-05-07,20.35914687611792
2017-05-08,20.41462384779858
2017-05-09,21.667120191060103
2017-05-10,21.303429994032996
2017-05-11,21.29903338337862
2017-05-12,19.908334041061032
2017-05-13,20.77566705667221
2017-05-14,20.783075105283398
2017-05-15,19.743866967590918
2017-05-16,18.949847225764028
2017-05-17,19.974445058551684
2017-05-18,21.52379341259757
2017-05-19,24.270144954092473
2017-05-20,24.427565906400314
2017-05-21,25.983018427885877
2017-05-22,27.181483579705585
2017-05-23,30.722790562660954
2017-05-24,32.52567076733426
2017-05-25,29.497364846401883
2017-05-26,26.13509854793291
2017-05-27,25.309319750365653
2017-05-28,26.700519813933166
2017-05-29,28.827353151185516
2017-05-30,29.939456906287344
2017-05-31,30.903810726332082
2017-06-01,32.55391147632105
2017-06-02,33.06079589707623
2017-06-03,32.71002660088236
2017-06-04,33.85673567465235
2017-06-05,36.022231705720785
2017-06-06,37.51024262992897
2017-06-07,35.70631820914197
2017-06-08,36.98877971499315
2017-06-09,37.819916277478654
2017-06-10,41.28792325534559
2017-06-11,42.745203514191836
2017-06-12,42.25033932937454
2017-06-13,42.97624663468036
2017-06-14,40.220646801925454
2017-06-15,40.099669102288466
2017-06-16,43.19813998944781
2017-06-17,49.296570885775644
2017-06-18,47.70132174353256
2017-06-19,49.41204960881321
2017-06-20,48.73130859984451
2017-06-21,47.71072160389389
2017-06-22,47.75970586286198
2017-06-23,48.12782848493554
2017-06-24,45.466926223978774
2017-06-25,44.176300323416065
2017-06-26,41.05625579939788
2017-06-27,42.32216320857179
2017-06-28,44.98720402001634
2017-06-29,42.9670585110238
2017-06-30,41.99029270670065
2017-07-01,40.25068196096715
2017-07-02,42.23685903933647
2017-07-03,43.99754956665493
2017-07-04,46.587067482424615
2017-07-05,45.7129087656341
2017-07-06,45.25083067605884
2017-07-07,41.94672159063681
2017-07-08,44.2880686298734
2017-07-09,42.6634827952286
2017-07-10,39.32885003248611
2017-07-11,37.65167918424776
2017-07-12,41.138226519510056
2017-07-13,38.919620734332376
2017-07-14,36.5652256089435
2017-07-15,32.29666719208729
2017-07-16,31.61599296303033
2017-07-17,36.256403947206955
2017-07-18,39.86606622329136
2017-07-19,36.52601425401741
2017-07-20,42.51720569216465
2017-07-21,41.41470373298324
2017-07-22,43.138343697661696
2017-07-23,41.704176011940504
2017-07-24,41.86653529145456
2017-07-25,39.10027810714352
2017-07-26,38.67433590677065
2017-07-27,39.413997745871335
2017-07-28,38.880222333249236
2017-07-29,39.525311373740344
2017-07-30,38.93698610566216
2017-07-31,40.76024428207198
2017-08-01,41.567638535344635
2017-08-02,40.80338470410608
2017-08-03,41.869581736598555
2017-08-04,42.38625062816718
2017-08-05,47.471549028807566
2017-08-06,46.991234572996895
2017-08-07,48.523722758804716
2017-08-08,51.438408511739595
2017-08-09,50.77590999461957
2017-08-10,50.42488388957448
2017-08-11,52.762852130079104
2017-08-12,53.7595693094764
2017-08-13,53.664593507113295
2017-08-14,54.91230261503974
2017-08-15,52.64045218735666
2017-08-16,54.58969430420554
2017-08-17,54.25047233813535
2017-08-18,54.5766742873461
2017-08-19,54.13597731374871
2017-08-20,54.21928203141258
2017-08-21,55.74245607524804
2017-08-22,55.33205081324491
2017-08-23,58.34915331674958
2017-08-24,58.58833147014362
2017-08-25,59.53436770165625
2017-08-26,59.791168177511956
2017-08-27,64.46780609275191
2017-08-28,64.88455931563568
2017-08-29,67.60181090621998
2017-08-30,68.37844668138528
2017-08-31,71.83799730882394
2017-09-01,78.22971634572959
2017-09-02,71.74546206114307
2017-09-03,70.9940987286723
2017-09-04,61.93176737980811
2017-09-05,65.85120797565035
2017-09-06,71.25103070980681
2017-09-07,70.42179561740141
2017-09-08,62.87856131514846
2017-09-09,62.15393120385842
2017-09-10,59.83386085458688
2017-09-11,61.88544397805688
2017-09-12,60.940347472091645
2017-09-13,57.87827603356103
2017-09-14,43.318948689047566
2017-09-15,50.45769678912093
2017-09-16,50.14514590802369
2017-09-17,50.3902683238103
2017-09-18,58.02231994718002
2017-09-19,55.67369503741847
2017-09-20,55.250968273708835
2017-09-21,50.40992866109576
2017-09-22,51.333904713054196
2017-09-23,53.981988885762
2017-09-24,52.60155358045208
2017-09-25,55.89106392244678
2017-09-26,55.39846972452563
2017-09-27,59.859540468328994
2017-09-28,58.45804627527157
2017-09-29,57.357533929729044
2017-09-30,59.776817636254556
2017-10-01,59.91896249672062
2017-10-02,59.18355360789094
2017-10-03,58.04194010093439
2017-10-04,57.296190330139396
2017-10-05,58.066166183888086
2017-10-06,59.27754090007153
2017-10-07,59.879296393699235
2017-10-08,60.772350187661104
2017-10-09,59.591356068138005
2017-10-10,60.02453394653918
2017-10-11,60.525382426368125
2017-10-12,66.9234870729763
2017-10-13,70.07775562543397
2017-10-14,72.71558014047156
2017-10-15,72.43192217823838
2017-10-16,72.08662743097247
2017-10-17,68.44555879688443
2017-10-18,68.66983245994109
2017-10-19,68.31992221333412
2017-10-20,69.46850993177259
2017-10-21,68.42332317751563
2017-10-22,67.41469326728614
2017-10-23,65.70467969289246
2017-10-24,65.49505334676458
2017-10-25,66.57447010893604
2017-10-26,66.77053816221417
2017-10-27,66.20029051727875
2017-10-28,65.74932006717746
2017-10-29,68.94072112952236
2017-10-30,68.76360313093618
2017-10-31,69.64132898979157
2017-11-01,68.55067023209348
2017-11-02,69.95630864021612
2017-11-03,72.51661509438878
2017-11-04,72.18276407833396
2017-11-05,71.80316642707758
2017-11-06,70.94775696845333
2017-11-07,73.68429773470635
2017-11-08,76.51955564343871
2017-11-09,77.1129020622427
2017-11-10,71.41296882170438
2017-11-11,72.94669349902469
2017-11-12,69.53140052317019
2017-11-13,73.56466251669579
2017-11-14,76.0143990403819
2017-11-15,78.78784969501815
2017-11-16,83.63121377635571
2017-11-17,81.78746396080092
2017-11-18,84.18873677325311
2017-11-19,86.43333908849581
2017-11-20,88.31390706528686
2017-11-21,86.41382709861233
2017-11-22,89.48497398235278
2017-11-23,91.5969137522153
2017-11-24,99.29439206781603
2017-11-25,105.51426328571708
2017-11-26,106.92323413696536
2017-11-27,111.86909875712867
2017-11-28,114.02667747297777
2017-11-29,105.52133053551121
2017-11-30,109.5323007274699
2017-12-01,118.25638468936054
2017-12-02,118.86564328837159
2017-12-03,120.35986040340677
2017-12-04,123.11861432655773
2017-12-05,122.70053677736679
2017-12-06,127.00641112114735
2017-12-07,137.4827697708962
2017-12-08,148.82013810237808
2017-12-09,158.69912676834787
2017-12-10,153.84138156288705
2017-12-11,190.12299391313752
2017-12-12,239.10253193497545
2017-12-13,237.34903766219134
2017-12-14,231.20689885678019
2017-12-15,240.9500211842933
2017-12-16,250.27396315449664
2017-12-17,257.13343994169014
2017-12-18,276.6330938447217
2017-12-19,271.81729823958415
2017-12-20,255.8211846742185
2017-12-21,252.569560536868
2017-12-22,212.99035813830648
2017-12-23,228.45227657384532
2017-12-24,218.48490954357456
2017-12-25,225.8834174927595
2017-12-26,241.4795123150748
2017-12-27,234.97670635039202
2017-12-28,219.76737036650363
2017-12-29,220.3683440936994
2017-12-30,200.2547098523564
2017-12-31,214.20757647930813
2018-01-01,212.23926527935595
2018-01-02,237.6912600002169
2018-01-03,242.68524947673276
2018-01-04,245.0253292870895
2018-01-05,258.7364509993718
2018-01-06,279.423465204054
2018-01-07,281.30789479938016
2018-01-08,262.798249671859
2018-01-09,268.0437913948414
2018-01-10,268.5990336786679
2018-01-11,244.383891832899
2018-01-12,258.93814942683906
2018-01-13,277.84760997516554
2018-01-14,264.7088328969096
2018-01-15,257.97600680966144
2018-01-16,211.02574899808815
2018-01-17,205.8423239592359
2018-01-18,211.44078592606988
2018-01-19,212.4978023570965
2018-01-20,235.0243667773349
2018-01-21,212.2314711692729
2018-01-22,201.11059568991766
2018-01-23,198.75492577714806
2018-01-24,207.47764820848113
2018-01-25,206.79542969609528
2018-01-26,204.83827406358535
2018-01-27,211.47899089029397
2018-01-28,227.58934726964716
2018-01-29,215.73441404067157
2018-01-30,194.80962814817693
2018-01-31,197.66577403074456
2018-02-01,177.49674454806689
2018-02-02,163.78281332142762
2018-02-03,180.8870529239214
2018-02-04,162.19414491833325
2018-02-05,136.25613123583008
2018-02-06,154.19604647281972
2018-02-07,149.22683956458147
2018-02-08,161.55863075984837
2018-02-09,174.27667431307242
2018-02-10,168.9788988271148
2018-02-11,160.3285965548632
2018-02-12,173.70458907454716
2018-02-13,169.2659581511221
2018-02-14,199.5791418132828
2018-02-15,209.06220846379057
2018-02-16,211.52698340755524
2018-02-17,219.6511623291704
2018-02-18,207.74835044598586
2018-02-19,216.05300459393564
2018-02-20,216.66238769488416
2018-02-21,202.36956725489586
2018-02-22,189.3290572366534
2018-02-23,199.76212439054416
2018-02-24,194.79452789166467
2018-02-25,197.586037578875
2018-02-26,204.46025875428003
2018-02-27,206.18409634941528
2018-02-28,197.89085165956485
2018-03-01,204.97527412619334
2018-03-02,205.5345873930581
2018-03-03,207.44930174879357
2018-03-04,209.39504661679726
2018-03-05,207.8526048419645
2018-03-06,195.27988633612668
2018-03-07,181.62085066568633
2018-03-08,171.1798905481356
2018-03-09,176.27504123516093
2018-03-10,166.90484516262364
2018-03-11,177.9046624339535
2018-03-12,170.26025573324353
2018-03-13,168.67673602817237
2018-03-14,151.99687168542053
2018-03-15,153.008782294954
2018-03-16,152.73525471582286
2018-03-17,142.11545866337767
2018-03-18,143.0889089139536
2018-03-19,149.2814284637706
2018-03-20,153.34926894062895
2018-03-21,153.9329457834786
2018-03-22,149.10257615419985
2018-03-23,151.23302458651895
2018-03-24,146.30536452877422
2018-03-25,145.2677388784516
2018-03-26,137.12269801732143
2018-03-27,127.12122668084498
2018-03-28,126.15107837459571
2018-03-29,110.72956301947733
2018-03-30,111.40933955935938
2018-03-31,111.40374395942415
2018-04-01,108.6715646495354
2018-04-02,111.90352949876491
2018-04-03,121.63226037906392
2018-04-04,109.88470409963858
2018-04-05,110.14181966941034
2018-04-06,106.07917951334002
2018-04-07,109.98513777227566
2018-04-08,112.49478606148938
2018-04-09,110.08398669811906
2018-04-10,111.66035855806156
2018-04-11,115.19545051774814
2018-04-12,129.544008436319
2018-04-13,128.22342325934386
2018-04-14,129.80323819321916
2018-04-15,136.2884237469838
2018-04-16,131.74762586272814
2018-04-17,131.7570511566302
2018-04-18,137.5004820405563
2018-04-19,144.11084863736357
2018-04-20,154.45501501347704
2018-04-21,151.67783342254666
2018-04-22,151.79111185523234
2018-04-23,156.12934460675123
2018-04-24,170.62755110865928
2018-04-25,150.857722398788
2018-04-26,160.36684285958253
2018-04-27,154.65904440666574
2018-04-28,161.9571923200722
2018-04-29,163.25694269978507
2018-04-30,158.8756366301443
2018-05-01,158.47209667900435
2018-05-02,161.3276084001393
2018-05-03,175.10655985234862
2018-05-04,177.9694448415033
2018-05-05,184.4248347860421
2018-05-06,179.27371651990924
2018-05-07,172.17259424403116
2018-05-08,169.4128463050153
2018-05-09,169.012980006336
2018-05-10,162.82770011819215
2018-05-11,150.96242256062018
2018-05-12,153.58481220630844
2018-05-13,159.45848589025678
2018-05-14,160.35613272751468
2018-05-15,154.63400588369495
2018-05-16,153.41089707263143
2018-05-17,146.8185172534458
2018-05-18,150.5810960979973
2018-05-19,150.44158649759578
2018-05-20,155.06872092010283
2018-05-21,151.38611735224728
2018-05-22,143.16763148657694
2018-05-23,132.0194950459113
2018-05-24,134.79918996437414
2018-05-25,131.85902063684435
2018-05-26,130.73259272929317
2018-05-27,129.60791201861937
2018-05-28,121.57119760920767
2018-05-29,130.32372356946988
2018-05-30,128.74275590137444
2018-05-31,130.84899101653966
2018-06-01,131.99397853712273
2018-06-02,134.7467248421639
2018-06-03,138.03388584439395
2018-06-04,132.83216292241664
2018-06-05,135.43691422240758
2018-06-06,135.20116644278286
2018-06-07,135.2912599167664
2018-06-08,134.16514750411838
2018-06-09,132.4734115335309
2018-06-10,118.7325018934309
2018-06-11,120.13540383238535
2018-06-12,112.93853364090913
2018-06-13,107.60145677203246
2018-06-14,115.38358539968033
2018-06-15,110.24972154264833
2018-06-16,111.78519270155437
2018-06-17,110.98568516821949
2018-06-18,114.76934894431403
2018-06-19,116.39581762967569
2018-06-20,115.97692933228431
2018-06-21,114.63542543425729
2018-06-22,101.72411503577949
2018-06-23,101.8123071836627
2018-06-24,99.89747223140205
2018-06-25,100.94491572113401
2018-06-26,96.00389729430441
2018-06-27,98.65293171603537
2018-06-28,93.42274493797855
2018-06-29,97.73077414223009
2018-06-30,101.24906136622931
2018-07-01,100.58405184865578
2018-07-02,105.50943326442031
2018-07-03,104.15756713384074
2018-07-04,104.91996807197863
2018-07-05,104.96240661463573
2018-07-06,104.95437850550243
2018-07-07,108.43621233050439
2018-07-08,106.19528576232642
2018-07-09,104.45009622002837
2018-07-10,97.1116292510226
2018-07-11,99.48129625981598
2018-07-12,96.57396222110319
2018-07-13,96.97785595260592
2018-07-14,97.23868165180657
2018-07-15,99.65409040534311
2018-07-16,106.3720871475042
2018-07-17,113.16660638564947
2018-07-18,110.66368471407844
2018-07-19,110.17900152689559
2018-07-20,106.45309345462518
2018-07-21,108.44310398376527
2018-07-22,107.65512713971499
2018-07-23,108.07514098715622
2018-07-24,116.75986571746235
2018-07-25,113.7443354967843
2018-07-26,110.98618483699754
2018-07-27,112.63468406187667
2018-07-28,112.16083328325084
2018-07-29,112.47068661876892
2018-07-30,110.96392029872139
2018-07-31,105.82549180780384
2018-08-01,103.21184508979321
2018-08-02,101.51181926187007
2018-08-03,102.00630207795086
2018-08-04,97.3275013042367
2018-08-05,98.3789444759913
2018-08-06,97.20943517315597
2018-08-07,91.61176695856625
2018-08-08,85.07850754996299
2018-08-09,87.67907518226075
2018-08-10,81.29411311660465
2018-08-11,80.31826033866402
2018-08-12,80.67049521036981
2018-08-13,76.60681132717465
2018-08-14,74.48040303439845
2018-08-15,75.20435006954482
2018-08-16,76.22256142815526
2018-08-17,82.55626208997268
2018-08-18,78.21616788738062
2018-08-19,79.30859041644933
2018-08-20,74.31433532832713
2018-08-21,76.8242106033623
2018-08-22,74.92576672226905
2018-08-23,77.10891631428923
2018-08-24,78.57202437691537
2018-08-25,78.42133343381185
2018-08-26,77.5188926629651
2018-08-27,80.53180114523339
2018-08-28,83.6555976676426
2018-08-29,82.21337168448834
2018-08-30,80.7907905691593
2018-08-31,81.64489658535776
2018-09-01,85.2459642925396
2018-09-02,85.33768681374885
2018-09-03,84.6667333849241
2018-09-04,85.73796825377173
2018-09-05,74.14180483815001
2018-09-06,72.5336584227383
2018-09-07,70.36577517893154
2018-09-08,66.1203271107475
2018-09-09,66.97910472977327
2018-09-10,66.96517256431584
2018-09-11,64.62906700718882
2018-09-12,64.23298175202174
2018-09-13,69.33552428048331
2018-09-14,70.2398296563453
2018-09-15,71.67838201043672
2018-09-16,71.4230613819506
2018-09-17,66.18509219893394
2018-09-18,68.539315852627
2018-09-19,68.739435974821
2018-09-20,71.7823604830284
2018-09-21,76.71055486818545
2018-09-22,75.89735786764311
2018-09-23,76.65879339979351
2018-09-24,73.12845673758797
2018-09-25,71.28193401940213
2018-09-26,71.11071996549876
2018-09-27,75.53023309426949
2018-09-28,74.286260702051
2018-09-29,75.05196461361443
2018-09-30,75.08399754517951
2018-10-01,74.33254171994459
2018-10-02,73.6048309550565
2018-10-03,71.74136515171195
2018-10-04,72.54613693712012
2018-10-05,73.51541586459794
2018-10-06,72.7267609198072
2018-10-07,73.02477000654964
2018-10-08,74.08243541617193
2018-10-09,73.61280292892187
2018-10-10,72.84769175885536
2018-10-11,64.79711070452532
2018-10-12,66.69057855533366
2018-10-13,67.04667653155143
2018-10-14,66.05964725732129
2018-10-15,69.8964198491762
2018-10-16,69.59235471895914
2018-10-17,68.89550362030815
2018-10-18,67.73753111082435
2018-10-19,67.95494484191342
2018-10-20,68.38018476981063
2018-10-21,68.12966153550163
2018-10-22,67.71341438558439
2018-10-23,67.85390622905504
2018-10-24,67.8592905582527
2018-10-25,67.54008174757912
2018-10-26,67.54404347987517
2018-10-27,67.58971460900415
2018-10-28,67.74276503776986
2018-10-29,65.02919016675834
2018-10-30,65.1445889774497
2018-10-31,65.15769823017021
2018-11-01,65.9046986600844
2018-11-02,66.60938185752146
2018-11-03,66.30619482290477
2018-11-04,68.33834090857522
2018-11-05,68.64638333888959
2018-11-06,70.87529165742369
2018-11-07,70.24037189336471
2018-11-08,68.62542840018497
2018-11-09,67.93309948087607
2018-11-10,68.51093338004289
2018-11-11,67.92980027179652
2018-11-12,67.36561658530219
2018-11-13,66.50630505607926
2018-11-14,58.78630178567635
2018-11-15,58.561923903040444
2018-11-16,57.01618488823862
2018-11-17,56.57136227162392
2018-11-18,57.33124967704425
2018-11-19,49.05587715664038
2018-11-20,43.87390137511922
2018-11-21,45.84522891299729
2018-11-22,42.787070302724885
2018-11-23,42.315261034290714
2018-11-24,38.29764399256105
2018-11-25,39.82568804492673
2018-11-26,37.44146114222459
2018-11-27,38.50287129795896
2018-11-28,43.003340094810525
2018-11-29,42.13948096881006
2018-11-30,39.98843141356674
2018-12-01,42.28926441475237
2018-12-02,41.49622199144182
2018-12-03,38.63753212874403
2018-12-04,39.05504379131225
2018-12-05,36.62338044903839
2018-12-06,33.52738987632907
2018-12-07,32.67525291723572
2018-12-08,32.54161876668681
2018-12-09,33.834676660489336
2018-12-10,32.45952957553455
2018-12-11,31.50816603539348
2018-12-12,32.22104585620748
2018-12-13,30.80226566597679
2018-12-14,30.209617733307365
2018-12-15,30.348638212959386
2018-12-16,31.29955988433028
2018-12-17,35.06035508367299
2018-12-18,36.683528260327066
2018-12-19,36.68104756063788
2018-12-20,41.16390967989515
2018-12-21,38.67721767332415
2018-12-22,40.408737867338196
2018-12-23,42.707075587359334
2018-12-24,43.93801564849653
2018-12-25,40.93093053998115
2018-12-26,41.23502565986688
2018-12-27,37.64087485294514
2018-12-28,42.83665728153035
2018-12-29,42.06550760091088
2018-12-30,42.6152803346642
2018-12-31,40.79125453337261
2019-01-01,42.63595436824457
2019-01-02,45.14482359468445
2019-01-03,43.49488361243547
2019-01-04,44.29248031065002
2019-01-05,45.526686300660316
2019-01-06,48.60650460640739
2019-01-07,47.13619311354812
2019-01-08,47.72705237074331
2019-01-09,47.58957259111038
2019-01-10,41.650343550244585
2019-01-11,40.91813450591259
2019-01-12,40.6706330580889
2019-01-13,38.379649454653276
2019-01-14,41.188431300619804
2019-01-15,39.76587631854594
2019-01-16,40.16200494672589
2019-01-17,40.300203654755656
2019-01-18,39.669567635305455
2019-01-19,40.86131518619146
2019-01-20,39.22955743037867
2019-01-21,38.89215576659284
2019-01-22,39.379621879546626
2019-01-23,39.29508884227495
2019-01-24,39.66873031807852
2019-01-25,39.63594837317171
2019-01-26,39.728225183953526
2019-01-27,39.07077944027721
2019-01-28,37.27390946790668
2019-01-29,37.031331692118194
2019-01-30,37.908489860645325
2019-01-31,37.46974583773149
2019-02-01,38.1232854814491
2019-02-02,39.21172465086102
2019-02-03,38.265602058447016
2019-02-04,38.549293345682656
2019-02-05,38.58772816791688
2019-02-06,37.567625721669394
2019-02-07,37.57972197220961
2019-02-08,44.36795265209937
2019-02-09,44.86808240134835
2019-02-10,46.330705277585416
2019-02-11,44.48070103474748
2019-02-12,44.92303560068331
2019-02-13,44.15790732674791
2019-02-14,43.8240729763912
2019-02-15,44.30775147366543
2019-02-16,44.80524116728926
2019-02-17,46.38803317221166
2019-02-18,50.385510184430196
2019-02-19,50.37095034333779
2019-02-20,52.49831285413154
2019-02-21,50.97917945156922
2019-02-22,51.786184504301865
2019-02-23,54.195578296544696
2019-02-24,47.569533807467785
2019-02-25,48.90576378878821
2019-02-26,48.31827161876692
2019-02-27,48.103003648918595
2019-02-28,48.42897457628355
2019-03-01,48.85844288787257
2019-03-02,49.141620516485865
2019-03-03,48.60672661842726
2019-03-04,47.013275732629474
2019-03-05,51.15502689961939
2019-03-06,52.17844520582926
2019-03-07,52.56265791025197
2019-03-08,51.79920421862651
2019-03-09,53.072882232737015
2019-03-10,52.58114074664886
2019-03-11,51.43935390331937
2019-03-12,52.03380340167393
2019-03-13,51.5376759855086
2019-03-14,51.879570487470374
2019-03-15,53.31759400347615
2019-03-16,55.21432774411897
2019-03-17,54.60799209941429
2019-03-18,54.26233707152228
2019-03-19,54.697537225757436
2019-03-20,54.86463784474587
2019-03-21,53.61428215757081
2019-03-22,53.799374451099595
2019-03-23,54.459658901619555
2019-03-24,53.89061816551443
2019-03-25,53.139624185107245
2019-03-26,53.25076019469061
2019-03-27,55.33761463914534
2019-03-28,54.71966751039452
2019-03-29,55.30351827254997
2019-03-30,55.080075837808295
2019-03-31,55.03938792237191
2019-04-01,55.29747688401172
2019-04-02,66.28111633785446
2019-04-03,68.93606591915538
2019-04-04,68.2250131861845
2019-04-05,70.85212993708329
2019-04-06,72.07684995880354
2019-04-07,73.93780389987978
2019-04-08,74.43121522217928
2019-04-09,72.68971788970586
2019-04-10,73.87489980961634
2019-04-11,68.532612520373
2019-04-12,68.33301937448185
2019-04-13,68.11638086237188
2019-04-14,70.2926923167033
2019-04-15,67.83049245182036
2019-04-16,70.11816168779528
2019-04-17,69.5080097222111
2019-04-18,71.49603422485632
2019-04-19,71.65165528555896
2019-04-20,71.50327433032814
2019-04-21,69.6426125424972
2019-04-22,70.15487769263487
2019-04-23,70.20767045204458
2019-04-24,68.48435412264853
2019-04-25,65.16762434846297
2019-04-26,66.30656964273078
2019-04-27,66.25403555580168
2019-04-28,65.4202605645755
2019-04-29,64.40647236946877
2019-04-30,67.84191788408569
2019-05-01,67.68160236288061
2019-05-02,68.33912346252471
2019-05-03,72.01292478064742
2019-05-04,71.32193513405318
2019-05-05,70.44852981098322
2019-05-06,71.27452677844103
2019-05-07,71.12978125220198
2019-05-08,71.89999651859678
2019-05-09,72.44220058515006
2019-05-10,74.64912801729822
2019-05-11,84.93556905634556
2019-05-12,81.48763295941482
2019-05-13,87.34337747372044
2019-05-14,92.24818056734154
2019-05-15,100.79712613535592
2019-05-16,99.73298593846319
2019-05-17,92.53913052377328
2019-05-18,90.25360498614425
2019-05-19,100.61553684576569
2019-05-20,97.12684861902306
2019-05-21,97.50570730682504
2019-05-22,93.80154679809911
2019-05-23,95.14151580973355
2019-05-24,99.88377136038116
2019-05-25,101.39694445340726
2019-05-26,109.01101484211019
2019-05-27,112.54371768589625
2019-05-28,111.02863976776624
2019-05-29,110.50059511581539
2019-05-30,105.13577105322808
2019-05-31,109.78178049661614
2019-06-01,108.74341168768699
2019-06-02,110.85089200743002
2019-06-03,103.79164743581066
2019-06-04,98.35166037999814
2019-06-05,100.2073107390267
2019-06-06,102.88646801936974
2019-06-07,106.02436593710483
2019-06-08,105.24574282886796
2019-06-09,101.21629435135779
2019-06-10,108.83511478051504
2019-06-11,110.21944189358184
2019-06-12,113.41797930123319
2019-06-13,111.9146547035684
2019-06-14,115.6824657397462
2019-06-15,118.5386445634425
2019-06-16,118.98278186655443
2019-06-17,120.41063367624797
2019-06-18,118.21982505700599
2019-06-19,120.14032491524614
2019-06-20,121.25188152458243
2019-06-21,128.39851430024888
2019-06-22,133.82139579816356
2019-06-23,132.65113387031732
2019-06-24,133.2269040156548
2019-06-25,137.82144804407378
2019-06-26,143.5684578238019
2019-06-27,124.51125731211116
2019-06-28,133.604521837813
2019-06-29,138.30407095571212
2019-06-30,125.64403198746265
2019-07-01,125.27398456677363
2019-07-02,124.70323004662411
2019-07-03,132.0212002592216
2019-07-04,125.60283991426742
2019-07-05,124.65509158294678
2019-07-06,125.28025613750962
2019-07-07,129.7397997479735
2019-07-08,135.06829172353605
2019-07-09,134.08079295768658
2019-07-10,125.71276592194154
2019-07-11,117.55900595418994
2019-07-12,121.28640988126058
2019-07-13,117.16417960193891
2019-07-14,102.72566565021332
2019-07-15,105.65777909571977
2019-07-16,91.83308094101342
2019-07-17,98.4624452343156
2019-07-18,108.31551774349215
2019-07-19,106.04313219667308
2019-07-20,108.89965593632259
2019-07-21,107.4125060626783
2019-07-22,103.71990440382903
2019-07-23,99.69780167564225
2019-07-24,101.4435636788684
2019-07-25,101.88328520616889
2019-07-26,102.05651700255905
2019-07-27,96.80564518023334
2019-07-28,97.98102536785548
2019-07-29,98.1188187203948
2019-07-30,98.35998577572336
2019-07-31,104.19238116800084
2019-08-01,105.38710764040495
2019-08-02,104.28600452706168
2019-08-03,105.90962337808222
2019-08-04,105.90836756240009
2019-08-05,111.85831006536844
2019-08-06,108.0359421056184
2019-08-07,108.72171594030597
2019-08-08,107.56182304584114
2019-08-09,103.28912809602522
2019-08-10,101.5811032942382
2019-08-11,105.37435561263193
2019-08-12,102.57058726606907
2019-08-13,100.13202090081703
2019-08-14,90.61922818755698
2019-08-15,91.84879617674623
2019-08-16,90.93942205588422
2019-08-17,89.6909173055547
2019-08-18,92.90343517983457
2019-08-19,96.42012392125135
2019-08-20,94.05335527617498
2019-08-21,89.71334122741207
2019-08-22,90.67364134595782
2019-08-23,92.79672772092276
2019-08-24,90.69899977129384
2019-08-25,89.44310730233485
2019-08-26,91.11646622862804
2019-08-27,89.9137257914176
2019-08-28,84.17775269969613
2019-08-29,81.35163598932316
2019-08-30,81.59575610100744
2019-08-31,82.38572487721152
2019-09-01,83.29291198575896
2019-09-02,86.42803607301997
2019-09-03,88.3467276535503
2019-09-04,86.8892429570006
2019-09-05,85.71827597036763
2019-09-06,84.32989726887507
2019-09-07,87.83206028998562
2019-09-08,88.7798193284632
2019-09-09,88.28964683173164
2019-09-10,87.70275818837854
2019-09-11,87.33427433255964
2019-09-12,88.08854548855095
2019-09-13,87.86103629305923
2019-09-14,89.67371351578952
2019-09-15,89.80822096932197
2019-09-16,91.74087694813534
2019-09-17,94.13893820947858
2019-09-18,96.03037004855608
2019-09-19,97.3821256021468
2019-09-20,95.81946644845408
2019-09-21,94.23006275982614
2019-09-22,93.4169637684036
2019-09-23,88.42098458778136
2019-09-24,75.11603085957388
2019-09-25,75.976492036939
2019-09-26,73.29611694359046
2019-09-27,75.25308570260327
2019-09-28,74.90868749755445
2019-09-29,73.26472476891864
2019-09-30,75.99610837961632
2019-10-01,75.78828446419683
2019-10-02,76.63323235647029
2019-10-03,75.45115926376826
2019-10-04,75.68221223287915
2019-10-05,75.41695186050111
2019-10-06,73.7891396319521
2019-10-07,76.83269453142223
2019-10-08,76.72434198629315
2019-10-09,80.4013728914147
2019-10-10,79.38729619505855
2019-10-11,76.60434026339125
2019-10-12,76.25904450209909
2019-10-13,76.72514764998698
2019-10-14,77.70692402432542
2019-10-15,75.4616949690776
2019-10-16,73.2762283340049
2019-10-17,74.65069154532694
2019-10-18,72.97982837325807
2019-10-19,73.17698015529328
2019-10-20,74.68633034080992
2019-10-21,74.66637818798378
2019-10-22,73.23403245856396
2019-10-23,68.19111028873785
2019-10-24,68.29717536274417
2019-10-25,77.82215888036794
2019-10-26,79.27482181240686
2019-10-27,82.29762817805337
2019-10-28,80.3722072876846
2019-10-29,82.82851694331242
2019-10-30,80.66502070056447
2019-10-31,80.70757690969268
2019-11-01,80.79885364349954
2019-11-02,80.98582097483933
2019-11-03,80.51407106284724
2019-11-04,82.98722855035717
2019-11-05,84.00824890167576
2019-11-06,84.83904289981471
2019-11-07,82.93372290747706
2019-11-08,80.38240974810596
2019-11-09,81.16811157041052
2019-11-10,83.41260489474719
2019-11-11,81.03922058978364
2019-11-12,81.17264291724406
2019-11-13,81.25490117535941
2019-11-14,79.85967535662117
2019-11-15,77.66301891040155
2019-11-16,78.5969925214722
2019-11-17,79.39426761735555
2019-11-18,76.64774235887722
2019-11-19,75.34520610842213
2019-11-20,74.3861088282307
2019-11-21,69.1431051634488
2019-11-22,64.96158167942296
2019-11-23,66.23120632348534
2019-11-24,61.797702855092936
2019-11-25,63.13602977092981
2019-11-26,64.38847209797326
2019-11-27,66.26549424888896
2019-11-28,65.42737480856127
2019-11-29,67.6928029254016
2019-11-30,66.062328816077
2019-12-01,65.54571071134201
2019-12-02,64.04741133644637
2019-12-03,63.67549227360766
2019-12-04,63.20916591456594
2019-12-05,64.20470969327236
2019-12-06,64.66153989055718
2019-12-07,64.61160391552822
2019-12-08,65.15181801373481
2019-12-09,63.745844225072986
2019-12-10,62.961020599444915
2019-12-11,62.06204284743661
2019-12-12,62.49435852014157
2019-12-13,62.65299368897691
2019-12-14,61.57824928530101
2019-12-15,61.71154596530689
2019-12-16,58.06539173109227
2019-12-17,54.0090497038651
2019-12-18,59.1617227857858
2019-12-19,57.96762572024496
2019-12-20,58.154553198067774
2019-12-21,57.79258927480539
2019-12-22,60.279029182205846
2019-12-23,58.730920171695445
2019-12-24,58.62836879833976
2019-12-25,58.07426432526534
2019-12-26,57.78558123357208
2019-12-27,58.50018427714392
2019-12-28,59.55048326256168
2019-12-29,61.24147645407185
2019-12-30,60.113330315029415
2019-12-31,58.70082177277723
2020-01-01,59.228103448751156
2020-01-02,57.06023227025909
2020-01-03,60.3430079268621
2020-01-04,61.10210727772599
2020-01-05,61.39726611934884
2020-01-06,64.70762777296723
2020-01-07,65.99509122985944
2020-01-08,65.03936947460174
2020-01-09,63.92607095599509
2020-01-10,67.1726112534424
2020-01-11,66.90014622280115
2020-01-12,68.63792082123264
2020-01-13,67.62682596485409
2020-01-14,77.01534299868946
2020-01-15,76.80818224678458
2020-01-16,76.08189522482844
2020-01-17,79.41025984482523
2020-01-18,79.26526368428274
2020-01-19,76.55243136399609
2020-01-20,76.16425009878057
2020-01-21,77.02293473716101
2020-01-22,76.93345687544269
2020-01-23,73.62616907386166
2020-01-24,73.71521548091928
2020-01-25,72.8355869932138
2020-01-26,75.69840662188147
2020-01-27,78.22331336208204
2020-01-28,81.25146574841564
2020-01-29,80.6549753831922
2020-01-30,86.37704995962345
2020-01-31,85.05778642792735
2020-02-01,86.9898426633188
2020-02-02,87.38406952537122
2020-02-03,87.22930089712351
2020-02-04,86.11014016245412
2020-02-05,91.6059496275637
2020-02-06,93.58661310109876
2020-02-07,95.75885940087836
2020-02-08,96.96337197738404
2020-02-09,98.85785612619756
2020-02-10,96.07536621068203
2020-02-11,99.99925763631768
2020-02-12,106.67240718330171
2020-02-13,106.25375143142655
2020-02-14,109.89549041722765
2020-02-15,102.96057784957505
2020-02-16,101.86927670834442
2020-02-17,101.0120488752716
2020-02-18,106.34326998319112
2020-02-19,98.9939264566931
2020-02-20,97.96687218313609
2020-02-21,101.0258858432226
2020-02-22,101.30451900671974
2020-02-23,105.71031439836399
2020-02-24,101.82838833823551
2020-02-25,96.50778979961301
2020-02-26,87.1490021758058
2020-02-27,87.40639806542578
2020-02-28,86.19594364890017
2020-02-29,84.47184758470186
2020-03-01,83.94985108396976
2020-03-02,87.95053936513726
2020-03-03,86.96604163937597
2020-03-04,86.4970294530998
2020-03-05,88.9950797558564
2020-03-06,91.47909462118939
2020-03-07,88.83006473591063
2020-03-08,77.0959487136676
2020-03-09,75.8866711785178
2020-03-10,75.73205966505425
2020-03-11,74.07375214935726
2020-03-12,45.1217874248696
2020-03-13,53.04370435136385
2020-03-14,49.065461417626594
2020-03-15,50.92972345044666
2020-03-16,46.00569126527609
2020-03-17,47.465898032941546
2020-03-18,47.69094382608219
2020-03-19,56.31386855166349
2020-03-20,55.33737519187913
2020-03-21,55.4109754355737
2020-03-22,51.65656099009251
2020-03-23,56.616370403640005
2020-03-24,58.97227049188517
2020-03-25,57.78185429448321
2020-03-26,58.70233462316819
2020-03-27,56.719770353603366
2020-03-28,55.59684122912541
2020-03-29,53.103154951220304
2020-03-30,56.57316451172265
2020-03-31,56.77778437442678
2020-04-01,57.61497871796864
2020-04-02,59.33346846153804
2020-04-03,59.408551191222934
2020-04-04,60.410857264695444
2020-04-05,59.944617020719036
2020-04-06,66.86248948335039
2020-04-07,66.16736974665777
2020-04-08,68.50977515486156
2020-04-09,68.19500775357386
2020-04-10,63.0959430764582
2020-04-11,63.07441365372881
2020-04-12,63.88444754222196
2020-04-13,62.20587457986938
2020-04-14,62.298414585500076
2020-04-15,60.35092763630962
2020-04-16,65.93133044797193
2020-04-17,65.82873422717172
2020-04-18,69.16131839726634
2020-04-19,67.3673537874239
2020-04-20,64.25800465762026
2020-04-21,64.42127502083109
2020-04-22,66.86728504611071
2020-04-23,68.72855328329473
2020-04-24,70.65029311191154
2020-04-25,71.45196516414426
2020-04-26,72.01135318939396
2020-04-27,72.378083655722
2020-04-28,73.28307945720587
2020-04-29,80.44681897975057
2020-04-30,77.47333162069062
2020-05-01,79.533507371112
2020-05-02,80.98310591353197
2020-05-03,79.4906036104187
2020-05-04,78.74426468935138
2020-05-05,78.45097329161992
2020-05-06,78.40637528785624
2020-05-07,82.2233614088932
2020-05-08,82.33527641549055
2020-05-09,81.09897024212913
2020-05-10,72.8951166072122
2020-05-11,71.72107074618347
2020-05-12,72.97495533481504
2020-05-13,76.16450196438386
2020-05-14,78.41968310481121
2020-05-15,75.69158734321984
2020-05-16,76.71202477075518
2020-05-17,78.61662936079165
2020-05-18,80.66236614704577
2020-05-19,80.64291413640179
2020-05-20,78.91239004910634
2020-05-21,75.52133385924675
2020-05-22,77.60837724020067
2020-05-23,77.77409615234887
2020-05-24,74.83924417586343
2020-05-25,75.83902497330324
2020-05-26,74.89941282230117
2020-05-27,77.61464054648567
2020-05-28,80.51188481890613
2020-05-29,80.30346888835749
2020-05-30,85.4667424151565
2020-05-31,82.22304061972851
2020-06-01,87.7587731592227
2020-06-02,83.37957983866539
2020-06-03,85.34462089971355
2020-06-04,86.08621719118821
2020-06-05,84.9493427815746
2020-06-06,84.8028882425829
2020-06-07,85.45789306965928
2020-06-08,85.50970792312073
2020-06-09,85.1664088159038
2020-06-10,86.06231805239399
2020-06-11,80.63600930453617
2020-06-12,82.60170664283795
2020-06-13,82.9171271091566
2020-06-14,81.46804872581035
2020-06-15,81.05758430761212
2020-06-16,81.82105425439852
2020-06-17,81.5879797332435
2020-06-18,80.98455052097678
2020-06-19,79.48840856459965
2020-06-20,80.28801698196267
2020-06-21,80.00890964338726
2020-06-22,83.29728239354748
2020-06-23,83.42263784277638
2020-06-24,80.68367671837586
2020-06-25,80.03630423617179
2020-06-26,79.83986503731244
2020-06-27,77.60915256981858
2020-06-28,78.08129414446341
2020-06-29,78.83255635867789
2020-06-30,78.21660226832081
2020-07-01,79.18487193568524
2020-07-02,78.54508722940632
2020-07-03,77.79786671294436
2020-07-04,78.90723757118849
2020-07-05,78.27597312085989
2020-07-06,82.2638207734732
2020-07-07,81.21196572376535
2020-07-08,83.79484194806979
2020-07-09,82.51059506672131
2020-07-10,82.0983779485294
2020-07-11,82.07786246707195
2020-07-12,82.4699969965284
2020-07-13,81.63447167745886
2020-07-14,81.62971253074454
2020-07-15,80.94515258981647
2020-07-16,79.43230415799496
2020-07-17,79.31077695373521
2020-07-18,79.97258841971593
2020-07-19,80.47648831549867
2020-07-20,79.77862216338194
2020-07-21,82.46042035198163
2020-07-22,85.69887890519338
2020-07-23,87.19018748299129
2020-07-24,87.10150476504748
2020-07-25,93.2183315499039
2020-07-26,94.00395760759318
2020-07-27,101.9703846708941
2020-07-28,102.90985077940447
2020-07-29,103.42188326787387
2020-07-30,106.17723305754865
2020-07-31,108.88544294379754
2020-08-01,116.5795346506224
2020-08-02,109.77389080052872
2020-08-03,113.16537913673693
2020-08-04,112.77208586875383
2020-08-05,116.71700432272307
2020-08-06,116.28083417056521
2020-08-07,112.8921148287273
2020-08-08,115.42536030348623
2020-08-09,114.22335188008724
2020-08-10,116.13007469958458
2020-08-11,110.45046782976658
2020-08-12,112.45484138569131
2020-08-13,118.66065768612557
2020-08-14,118.73164490409299
2020-08-15,120.92364577653667
2020-08-16,123.70097150566865
2020-08-17,126.64201573455733
2020-08-18,124.19516226267534
2020-08-19,119.44610429418454
2020-08-20,121.46452362316458
2020-08-21,115.47871417820818
2020-08-22,117.05681083998677
2020-08-23,116.76079704866866
2020-08-24,119.83158150501887
2020-08-25,113.70850306938169
2020-08-26,114.2199180476434
2020-08-27,111.7624874259576
2020-08-28,114.67151271942623
2020-08-29,114.90449441043681
2020-08-30,122.00653728240005
2020-08-31,121.48540870185423
2020-09-01,127.61840512093417
2020-09-02,119.03815375478284
2020-09-03,102.88624274808052
2020-09-04,106.07475124813486
2020-09-05,97.91050257715763
2020-09-06,100.37150156485046
2020-09-07,101.10272156801116
2020-09-08,97.899545343933
2020-09-09,99.93674227056316
2020-09-10,102.5372181729086
2020-09-11,103.54540598138333
2020-09-12,106.0713035012212
2020-09-13,101.74208767064825
2020-09-14,104.75229237625426
2020-09-15,103.4714489327388
2020-09-16,103.80965087055858
2020-09-17,106.63128457392985
2020-09-18,105.88350239605089
2020-09-19,106.6377159009233
2020-09-20,103.62248882409678
2020-09-21,96.60695347227652
2020-09-22,97.96850440590947
2020-09-23,93.58651735702664
2020-09-24,99.42405804556758
2020-09-25,100.33815046559509
2020-09-26,100.861576642782
2020-09-27,101.06118612304681
2020-09-28,100.12077154146016
2020-09-29,101.31588727639472
2020-09-30,101.5663701790052
2020-10-01,100.40013489144827
2020-10-02,98.68584334749
2020-10-03,99.19733754089765
2020-10-04,100.93401483016528
2020-10-05,101.1554767066098
2020-10-06,99.04559362282897
2020-10-07,99.80513249456487
2020-10-08,101.89716461073107
2020-10-09,104.27557144442325
2020-10-10,106.19807024735518
2020-10-11,108.19767717619757
2020-10-12,109.97792785116745
2020-10-13,108.35393229167936
2020-10-14,108.13351599205745
2020-10-15,107.88741857898738
2020-10-16,104.94394324837629
2020-10-17,104.83635713587525
2020-10-18,106.54449776580466
2020-10-19,107.87610504306004
2020-10-20,106.59265147214042
2020-10-21,116.1323549080181
2020-10-22,119.61340924326167
2020-10-23,119.83729690529944
2020-10-24,123.46402421120894
2020-10-25,122.29760606842298
2020-10-26,119.8379756859418
2020-10-27,123.41496988505388
2020-10-28,119.18918970605102
2020-10-29,118.79218514564731
2020-10-30,118.03260164637884
2020-10-31,120.40378669956432
